공통교양,RGC0003-01,불교와인간,2,조법훈,수13.0-14.5/20:40-22:20
공통교양,RGC0003-02,불교와인간,2,김지연(묘련화),월1.0-2.5/09:00-11:00
공통교양,RGC0003-03,불교와인간,2,박대용(동광),월1.0-2.5/09:00-11:00
공통교양,RGC0003-04,불교와인간,2,임윤경(석도),월1.0-2.5/09:00-11:00
공통교양,RGC0003-05,불교와인간,2,고영섭,월5.5-7.0/13:30-15:30
공통교양,RGC0003-06,불교와인간,2,강형철,월5.5-7.0/13:30-15:30
공통교양,RGC0003-07,불교와인간,2,권순범,화1.0-2.5/09:00-11:00
공통교양,RGC0003-08,불교와인간,2,문무왕(혜법),화1.0-2.5/09:00-11:00
공통교양,RGC0003-09,불교와인간,2,이호경,화1.0-2.5/09:00-11:00
공통교양,RGC0003-10,불교와인간,2,강기선(도업),화1.0-2.5/09:00-11:00
공통교양,RGC0003-11,불교와인간,2,강기선(도업),수1.0-2.5/09:00-11:00
공통교양,RGC0003-12,불교와인간,2,권순범,수1.0-2.5/09:00-11:00
공통교양,RGC0003-13,불교와인간,2,조종복,수1.0-2.5/09:00-11:00
공통교양,RGC0003-14,불교와인간,2,이석환,목1.0-2.5/09:00-11:00
공통교양,RGC0003-15,불교와인간,2,김한상(Sumana),목1.0-2.5/09:00-11:00
공통교양,RGC0003-16,불교와인간,2,오명지,목1.0-2.5/09:00-11:00
공통교양,RGC0003-17,불교와인간,2,김은영,목5.5-7.0/13:30-15:30
공통교양,RGC0003-18,불교와인간,2,지창규(명원),목5.5-7.0/13:30-15:30
공통교양,RGC0003-19,불교와인간,2,권정현(자헌),목5.5-7.0/13:30-15:30
공통교양,RGC0003-20,불교와인간,2,전효진(진관),금1.0-2.5/09:00-11:00
공통교양,RGC0003-21,불교와인간,2,장성우,금1.0-2.5/09:00-11:00
공통교양,RGC0003-22,불교와인간,2,조인숙(고따미),금1.0-2.5/09:00-11:00
공통교양,RGC0003-23,불교와인간,2,김두진,금1.0-2.5/09:00-11:00
공통교양,RGC0003-24,불교와인간,2,박대용(동광),월5.5-7.0/13:30-15:30
공통교양,RGC0003-25,불교와인간,2,서정원(향원),수1.0-2.5/09:00-11:00
공통교양,RGC0003-26,불교와인간,2,권정현(자헌),월5.5-7.0/13:30-15:30
공통교양,RGC0003-27,불교와인간,2,문진영(정천),월8.0-9.5/16:00-18:00
공통교양,RGC0003-28,불교와인간,2,명계환,화5.0-6.5/13:00-15:00
공통교양,RGC0003-29,불교와인간,2,이석환,목6.0-7.5/14:00-16:00
공통교양,RGC0003-30,불교와인간,2,전민지,목1.0-2.5/09:00-11:00
공통교양,RGC0003-31,불교와인간,2,*,화5.5-7.0/13:30-15:30
공통교양,RGC0003-32,불교와인간,2,*,화5.5-7.0/13:30-15:30
공통교양,RGC0003-33,불교와인간,2,*,수5.5-7.0/13:30-15:30
공통교양,RGC0003-34,불교와인간,2,*,수1.0-2.5/09:00-11:00
공통교양,RGC0003-35,불교와인간,2,*,금5.5-7.0/13:30-15:30
공통교양,RGC0017-01,자아와명상1,1,김수덕(서암),월1.0-1.5/09:00-10:00
공통교양,RGC0017-02,자아와명상1,1,김수덕(서암),월5.5-6.0/13:30-14:30
공통교양,RGC0017-03,자아와명상1,1,홍영길(정헌),화1.0-1.5/09:00-10:00
공통교양,RGC0017-04,자아와명상1,1,정주영(효림),수1.0-1.5/09:00-10:00
공통교양,RGC0017-05,자아와명상1,1,김창하(청목),수6.0-6.5/14:00-15:00
공통교양,RGC0017-06,자아와명상1,1,김수덕(서암),월6.5-7.0/14:30-15:30
공통교양,RGC0017-07,자아와명상1,1,김근행(원상),금1.0-1.5/09:00-10:00
공통교양,RGC0017-08,자아와명상1,1,김창하(청목),수3.0-3.5/11:00-12:00
공통교양,RGC0017-09,자아와명상1,1,천윤성(윤성),월9.0-9.5/17:00-18:00
공통교양,RGC0017-10,자아와명상1,1,공숙자(보희),월6.0-6.5/14:00-15:00
공통교양,RGC0017-11,자아와명상1,1,홍영길(정헌),화5.0-5.5/13:00-14:00
공통교양,RGC0017-12,자아와명상1,1,안효기(휴담),수3.0-3.5/11:00-12:00
공통교양,RGC0017-13,자아와명상1,1,이견명(견명),화1.0-1.5/09:00-10:00
공통교양,RGC0017-14,자아와명상1,1,김근행(원상),화1.0-1.5/09:00-10:00
공통교양,RGC0017-15,자아와명상1,1,홍영길(정헌),화6.0-6.5/14:00-15:00
공통교양,RGC0017-16,자아와명상1,1,홍영길(정헌),화2.0-2.5/10:00-11:00
공통교양,RGC0017-17,자아와명상1,1,홍영길(정헌),화3.0-3.5/11:00-12:00
공통교양,RGC0017-18,자아와명상1,1,이견명(견명),화3.0-3.5/11:00-12:00
공통교양,RGC0017-19,자아와명상1,1,김근행(원상),화3.0-3.5/11:00-12:00
공통교양,RGC0017-20,자아와명상1,1,김창하(청목),수1.0-1.5/09:00-10:00
공통교양,RGC0017-21,자아와명상1,1,안효기(휴담),수1.0-1.5/09:00-10:00
공통교양,RGC0017-22,자아와명상1,1,정주영(효림),수2.0-2.5/10:00-11:00
공통교양,RGC0017-23,자아와명상1,1,안효기(휴담),수2.0-2.5/10:00-11:00
공통교양,RGC0017-24,자아와명상1,1,김창하(청목),수2.0-2.5/10:00-11:00
공통교양,RGC0017-25,자아와명상1,1,김흥빈(지광),목1.0-1.5/09:00-10:00
공통교양,RGC0017-26,자아와명상1,1,이견명(견명),목1.0-1.5/09:00-10:00
공통교양,RGC0017-27,자아와명상1,1,신둘연(현봉),목1.0-1.5/09:00-10:00
공통교양,RGC0017-28,자아와명상1,1,신둘연(현봉),목2.0-2.5/10:00-11:00
공통교양,RGC0017-29,자아와명상1,1,이견명(견명),목2.0-2.5/10:00-11:00
공통교양,RGC0017-30,자아와명상1,1,김흥빈(지광),목2.0-2.5/10:00-11:00
공통교양,RGC0017-31,자아와명상1,1,김흥빈(지광),목3.0-3.5/11:00-12:00
공통교양,RGC0017-32,자아와명상1,1,이견명(견명),목3.0-3.5/11:00-12:00
공통교양,RGC0017-33,자아와명상1,1,신둘연(현봉),목3.0-3.5/11:00-12:00
공통교양,RGC0017-34,자아와명상1,1,이동하(동하),목5.5-6.0/13:30-14:30
공통교양,RGC0017-35,자아와명상1,1,이동하(동하),목6.5-7.0/14:30-15:30
공통교양,RGC0017-36,자아와명상1,1,신둘연(현봉),목6.5-7.0/14:30-15:30
공통교양,RGC0017-37,자아와명상1,1,신둘연(현봉),목7.5-8.0/15:30-16:30
공통교양,RGC0017-38,자아와명상1,1,이동하(동하),목7.5-8.0/15:30-16:30
공통교양,RGC0017-39,자아와명상1,1,안효기(휴담),금1.0-1.5/09:00-10:00
공통교양,RGC0017-40,자아와명상1,1,안효기(휴담),금2.0-2.5/10:00-11:00
공통교양,RGC0017-41,자아와명상1,1,안효기(휴담),금3.0-3.5/11:00-12:00
공통교양,RGC0017-42,자아와명상1,1,천윤성(윤성),월10.0-10.5/18:00-18:50
공통교양,RGC0017-43,자아와명상1,1,장완순(행범),월11.0-11.5/18:50-19:40
공통교양,RGC0017-44,자아와명상1,1,이병진(덕림),목10.0-10.5/18:00-18:50
공통교양,RGC0017-45,자아와명상1,1,장완순(행범),월12.0-12.5/19:40-20:30
공통교양,RGC0017-46,자아와명상1,1,장완순(행범),월13.0-13.5/20:40-21:30
공통교양,RGC0017-47,자아와명상1,1,이병진(덕림),목12.0-12.5/19:40-20:30
공통교양,RGC0017-48,자아와명상1,1,이병진(덕림),목11.0-11.5/18:50-19:40
공통교양,RGC0017-49,자아와명상1,1,김근행(원상),화2.0-2.5/10:00-11:00
공통교양,RGC0017-50,자아와명상1,1,천윤성(윤성),월7.5-8.0/15:30-16:30
공통교양,RGC0017-51,자아와명상1,1,정주영(효림),수3.0-3.5/11:00-12:00
공통교양,RGC0017-52,자아와명상1,1,김근행(원상),금3.0-3.5/11:00-12:00
공통교양,RGC0017-53,자아와명상1,1,공숙자(보희),월7.0-7.5/15:00-16:00
공통교양,RGC0017-54,자아와명상1,1,공숙자(보희),월8.0-8.5/16:00-17:00
공통교양,RGC0017-55,자아와명상1,1,공숙자(보희),목7.0-7.5/15:00-16:00
공통교양,RGC0017-56,자아와명상1,1,공숙자(보희),목8.0-8.5/16:00-17:00
공통교양,RGC0018-01,자아와명상2,1,조서호(법명),월1.0-1.5/09:00-10:00
공통교양,RGC0018-02,자아와명상2,1,하영수(진본),월1.0-1.5/09:00-10:00
공통교양,RGC0018-03,자아와명상2,1,김수덕(서암),월2.0-2.5/10:00-11:00
공통교양,RGC0018-04,자아와명상2,1,조서호(법명),월2.0-2.5/10:00-11:00
공통교양,RGC0018-05,자아와명상2,1,하영수(진본),월2.0-2.5/10:00-11:00
공통교양,RGC0018-06,자아와명상2,1,김수덕(서암),월3.0-3.5/11:00-12:00
공통교양,RGC0018-07,자아와명상2,1,조서호(법명),월3.0-3.5/11:00-12:00
공통교양,RGC0018-08,자아와명상2,1,하영수(진본),월3.0-3.5/11:00-12:00
공통교양,RGC0018-09,자아와명상2,1,조서호(법명),월5.5-6.0/13:30-14:30
공통교양,RGC0018-10,자아와명상2,1,공숙자(보희),목6.0-6.5/14:00-15:00
공통교양,RGC0018-16,자아와명상2,1,하영수(진본),월7.0-7.5/15:00-16:00
공통교양,RGC1074-01,커리어 디자인,1,김유천,"월2.5-3.0/10:30-11:30,월3.5-4.0/11:30-12:30"
공통교양,RGC1074-02,커리어 디자인,1,임윤서,"월7.0-7.5/15:00-16:00,월8.0-8.5/16:00-17:00"
공통교양,RGC1074-03,커리어 디자인,1,김유천,"월5.5-6.0/13:30-14:30,월6.5-7.0/14:30-15:30"
공통교양,RGC1074-04,커리어 디자인,1,임윤서,화1.0-1.5/09:00-10:00
공통교양,RGC1074-05,커리어 디자인,1,임윤서,화2.5-3.0/10:30-11:30
공통교양,RGC1074-06,커리어 디자인,1,문재영,화5.5-6.0/13:30-14:30
공통교양,RGC1074-07,커리어 디자인,1,우혜인,수4.5-5.0/12:30-13:30
공통교양,RGC1074-08,커리어 디자인,1,이준일,"수1.0-1.5/09:00-10:00,수2.0-2.5/10:00-11:00"
공통교양,RGC1074-09,커리어 디자인,1,심태은,"수1.0-1.5/09:00-10:00,수2.0-2.5/10:00-11:00"
공통교양,RGC1074-10,커리어 디자인,1,우혜인,수3.5-4.0/11:30-12:30
공통교양,RGC1074-11,커리어 디자인,1,우혜인,수1.0-1.5/09:00-10:00
공통교양,RGC1074-12,커리어 디자인,1,박소연,목1.0-1.5/09:00-10:00
공통교양,RGC1074-13,커리어 디자인,1,이준일,목1.0-1.5/09:00-10:00
공통교양,RGC1074-14,커리어 디자인,1,박소연,목2.5-3.0/10:30-11:30
공통교양,RGC1074-15,커리어 디자인,1,이준일,목2.5-3.0/10:30-11:30
공통교양,RGC1074-16,커리어 디자인,1,송혜령,"금2.5-3.0/10:30-11:30,금3.5-4.0/11:30-12:30"
공통교양,RGC1074-17,커리어 디자인,1,이소은,"화10.0-10.5/18:00-18:50,화11.0-11.5/18:50-19:40"
공통교양,RGC1074-18,커리어 디자인,1,송혜령,목7.0-7.5/15:00-16:00
공통교양,RGC1074-19,커리어 디자인,1,이소은,화5.0-5.5/13:00-14:00
공통교양,RGC1074-20,커리어 디자인,1,이소은,화8.0-8.5/16:00-17:00
공통교양,RGC1074-21,커리어 디자인,1,송혜령,"목2.5-3.0/10:30-11:30,목3.5-4.0/11:30-12:30"
공통교양,RGC1074-22,커리어 디자인,1,우혜인,수2.0-2.5/10:00-11:00
공통교양,RGC1074-23,커리어 디자인,1,김수현,금4.5-5.0/12:30-13:30
공통교양,RGC1074-24,커리어 디자인,1,송혜령,목5.5-6.0/13:30-14:30
공통교양,RGC1074-25,커리어 디자인,1,박소연,목7.0-7.5/15:00-16:00
공통교양,RGC1074-26,커리어 디자인,1,김수현,"금2.5-3.0/10:30-11:30,금3.5-4.0/11:30-12:30"
공통교양,RGC1074-27,커리어 디자인,1,김수현,"목11.0-11.5/18:50-19:40,목12.0-12.5/19:40-20:30"
공통교양,RGC1074-28,커리어 디자인,1,강창호,"목2.5-3.0/10:30-11:30,목3.5-4.0/11:30-12:30"
공통교양,RGC1074-29,커리어 디자인,1,박소연,목5.5-6.0/13:30-14:30
공통교양,RGC1074-30,커리어 디자인,1,송혜령,"목10.0-10.5/18:00-18:50,목11.0-11.5/18:50-19:40"
공통교양,RGC1074-31,커리어 디자인,1,문재영,화10.0-10.5/18:00-18:50
공통교양,RGC1074-32,커리어 디자인,1,이준일,"금1.0-1.5/09:00-10:00,금2.0-2.5/10:00-11:00"
공통교양,RGC1074-33,커리어 디자인,1,임윤서,수10.0-10.5/18:00-18:50
공통교양,RGC1074-34,커리어 디자인,1,강창호,목11.0-11.5/18:50-19:40
공통교양,RGC1074-35,커리어 디자인,1,강창호,목10.0-10.5/18:00-18:50
공통교양,RGC1074-36,커리어 디자인,1,문재영,화7.0-7.5/15:00-16:00
공통교양,RGC1002-01,"소통,미디어,윤리",2,정수진,월5.5-7.0/13:30-15:30
공통교양,RGC1002-02,"소통,미디어,윤리",2,정수진,월8.5-10.0/16:30-18:25
공통교양,RGC1002-03,"소통,미디어,윤리",2,정수진,월12.0-13.5/19:40-21:30
공통교양,RGC1004-01,다문화사회의삶,2,남근우,화11.0-12.5/18:50-20:30
공통교양,RGC1004-02,다문화사회의삶,2,서은숙,수4.0-5.5/12:00-14:00
공통교양,RGC1004-03,다문화사회의삶,2,신현탁,금2.5-4.0/10:30-12:30
공통교양,RGC1005-01,"사랑,우정,관용",2,박연희,목1.0-2.5/09:00-11:00
공통교양,RGC1005-02,"사랑,우정,관용",2,박연희,목5.5-7.0/13:30-15:30
공통교양,RGC1005-03,"사랑,우정,관용",2,박연희,목7.5-9.0/15:30-17:30
공통교양,RGC1006-01,민주주의와시장경제,2,최위정,수1.0-2.5/09:00-11:00
공통교양,RGC1006-02,민주주의와시장경제,2,최위정,수8.0-9.5/16:00-18:00
공통교양,RGC1006-03,민주주의와시장경제,2,최위정,월3.0-4.5/11:00-13:00
공통교양,RGC0005-01,기술보고서작성및발표,3,*,월1.0-3.5/09:00-12:00
공통교양,RGC0005-02,기술보고서작성및발표,3,최현경,화1.0-3.5/09:00-12:00
공통교양,RGC0005-03,기술보고서작성및발표,3,조미라,월5.5-8.0/13:30-16:30
공통교양,RGC0005-04,기술보고서작성및발표,3,이재섭,목5.5-8.0/13:30-16:30
공통교양,RGC0005-05,기술보고서작성및발표,3,조미라,화1.0-3.5/09:00-12:00
공통교양,RGC0005-06,기술보고서작성및발표,3,전용덕,화1.0-3.5/09:00-12:00
공통교양,RGC0005-07,기술보고서작성및발표,3,전용덕,화5.5-8.0/13:30-16:30
공통교양,RGC0005-08,기술보고서작성및발표,3,최수진,월1.0-3.5/09:00-12:00
공통교양,RGC0005-09,기술보고서작성및발표,3,최현경,목1.0-3.5/09:00-12:00
공통교양,RGC0005-10,기술보고서작성및발표,3,최수진,월5.0-7.5/13:00-16:00
공통교양,RGC0005-11,기술보고서작성및발표,3,*,목5.5-8.0/13:30-16:30
공통교양,RGC0005-12,기술보고서작성및발표,3,전용덕,금1.0-3.5/09:00-12:00
공통교양,RGC1063-01,외국인을위한대학글쓰기,3,전영주,"월5.5-6.5/13:30-15:00,목5.5-6.5/13:30-15:00"
공통교양,RGC1063-02,외국인을위한대학글쓰기,3,곽미라,"월7.0-8.0/15:00-16:30,목7.0-8.0/15:00-16:30"
공통교양,RGC1063-03,외국인을위한대학글쓰기,3,남궁윤,"월2.5-3.5/10:30-12:00,목1.0-2.0/09:00-10:30"
공통교양,RGC1064-01,디지털시대의글쓰기,3,남진숙,"월1.0-2.0/09:00-10:30,목2.5-3.5/10:30-12:00"
공통교양,RGC1064-02,디지털시대의글쓰기,3,남진숙,"월2.5-3.5/10:30-12:00,목1.0-2.0/09:00-10:30"
공통교양,RGC1064-03,디지털시대의글쓰기,3,이유기,"월2.5-3.5/10:30-12:00,목1.0-2.0/09:00-10:30"
공통교양,RGC1064-04,디지털시대의글쓰기,3,이유기,"월5.5-6.5/13:30-15:00,목5.5-6.5/13:30-15:00"
공통교양,RGC1064-05,디지털시대의글쓰기,3,이유기,"월7.0-8.0/15:00-16:30,목7.0-8.0/15:00-16:30"
공통교양,RGC1064-06,디지털시대의글쓰기,3,김세연,"화1.0-2.0/09:00-10:30,금2.5-3.5/10:30-12:00"
공통교양,RGC1064-07,디지털시대의글쓰기,3,심혜경,"화2.5-3.5/10:30-12:00,금1.0-2.0/09:00-10:30"
공통교양,RGC1064-08,디지털시대의글쓰기,3,정지아,"화2.5-3.5/10:30-12:00,금1.0-2.0/09:00-10:30"
공통교양,RGC1064-09,디지털시대의글쓰기,3,남진숙,"월5.5-6.5/13:30-15:00,목5.5-6.5/13:30-15:00"
공통교양,RGC1064-10,디지털시대의글쓰기,3,김윤경,"월1.0-2.0/09:00-10:30,목2.5-3.5/10:30-12:00"
공통교양,RGC1064-11,디지털시대의글쓰기,3,이은정,"월2.5-3.5/10:30-12:00,목1.0-2.0/09:00-10:30"
공통교양,RGC1064-12,디지털시대의글쓰기,3,김지오,"월2.5-3.5/10:30-12:00,목1.0-2.0/09:00-10:30"
공통교양,RGC1064-13,디지털시대의글쓰기,3,이은정,"월5.5-6.5/13:30-15:00,목5.5-6.5/13:30-15:00"
공통교양,RGC1064-14,디지털시대의글쓰기,3,이은정,"월7.0-8.0/15:00-16:30,목7.0-8.0/15:00-16:30"
공통교양,RGC1064-15,디지털시대의글쓰기,3,이주영,"화1.0-2.0/09:00-10:30,금2.5-3.5/10:30-12:00"
공통교양,RGC1064-16,디지털시대의글쓰기,3,김은석,"화2.5-3.5/10:30-12:00,금1.0-2.0/09:00-10:30"
공통교양,RGC1064-17,디지털시대의글쓰기,3,이유기,화10.0-12.5/18:00-20:30
공통교양,RGC1064-18,디지털시대의글쓰기,3,남진숙,"월7.0-8.0/15:00-16:30,목7.0-8.0/15:00-16:30"
공통교양,RGC1064-19,디지털시대의글쓰기,3,김문정,"월1.0-2.0/09:00-10:30,목2.5-3.5/10:30-12:00"
공통교양,RGC1064-20,디지털시대의글쓰기,3,김윤경,"월2.5-3.5/10:30-12:00,목1.0-2.0/09:00-10:30"
공통교양,RGC1064-21,디지털시대의글쓰기,3,김윤경,"월5.5-6.5/13:30-15:00,목5.5-6.5/13:30-15:00"
공통교양,RGC1064-22,디지털시대의글쓰기,3,김지오,"월5.5-6.5/13:30-15:00,목5.5-6.5/13:30-15:00"
공통교양,RGC1064-23,디지털시대의글쓰기,3,김지오,"월7.0-8.0/15:00-16:30,목7.0-8.0/15:00-16:30"
공통교양,RGC1064-24,디지털시대의글쓰기,3,심혜경,"화1.0-2.0/09:00-10:30,금2.5-3.5/10:30-12:00"
공통교양,RGC1064-25,디지털시대의글쓰기,3,김윤경,"월7.0-8.0/15:00-16:30,목7.0-8.0/15:00-16:30"
공통교양,RGC1064-26,디지털시대의글쓰기,3,김윤경,수6.0-8.5/14:00-17:00
공통교양,RGC1064-27,디지털시대의글쓰기,3,오리사,목11.0-13.5/18:50-21:30
공통교양,RGC1064-28,디지털시대의글쓰기,3,김지오,화10.0-12.5/18:00-20:30
공통교양,RGC1064-29,디지털시대의글쓰기,3,장상지,수11.0-13.5/18:50-21:30
공통교양,RGC1064-30,디지털시대의글쓰기,3,장영섭,목11.0-13.5/18:50-21:30
공통교양,RGC1014-01,지혜와자비명작세미나,3,서정원,"월1.0-2.0/09:00-10:30,목2.5-3.5/10:30-12:00"
공통교양,RGC1014-02,지혜와자비명작세미나,3,김성옥,"월1.0-2.0/09:00-10:30,목2.5-3.5/10:30-12:00"
공통교양,RGC1014-03,지혜와자비명작세미나,3,김은영,"월1.0-2.0/09:00-10:30,목2.5-3.5/10:30-12:00"
공통교양,RGC1014-04,지혜와자비명작세미나,3,권순범,"월2.5-3.5/10:30-12:00,목1.0-2.0/09:00-10:30"
공통교양,RGC1014-05,지혜와자비명작세미나,3,김성옥,"월2.5-3.5/10:30-12:00,목1.0-2.0/09:00-10:30"
공통교양,RGC1014-06,지혜와자비명작세미나,3,김은영,"월2.5-3.5/10:30-12:00,목1.0-2.0/09:00-10:30"
공통교양,RGC1014-07,지혜와자비명작세미나,3,김천학,"월5.5-6.5/13:30-15:00,목5.5-6.5/13:30-15:00"
공통교양,RGC1014-08,지혜와자비명작세미나,3,김성옥,"월5.5-6.5/13:30-15:00,목5.5-6.5/13:30-15:00"
공통교양,RGC1014-09,지혜와자비명작세미나,3,장미란,"월5.5-6.5/13:30-15:00,목5.5-6.5/13:30-15:00"
공통교양,RGC1014-10,지혜와자비명작세미나,3,전효진,"월7.0-8.0/15:00-16:30,목7.0-8.0/15:00-16:30"
공통교양,RGC1014-11,지혜와자비명작세미나,3,김성옥,"월7.0-8.0/15:00-16:30,목7.0-8.0/15:00-16:30"
공통교양,RGC1014-12,지혜와자비명작세미나,3,장미란,"월7.0-8.0/15:00-16:30,목7.0-8.0/15:00-16:30"
공통교양,RGC1014-13,지혜와자비명작세미나,3,김호귀,"화1.0-2.0/09:00-10:30,금2.5-3.5/10:30-12:00"
공통교양,RGC1014-14,지혜와자비명작세미나,3,전민지,"화1.0-2.0/09:00-10:30,금2.5-3.5/10:30-12:00"
공통교양,RGC1014-15,지혜와자비명작세미나,3,김호귀,"화2.5-3.5/10:30-12:00,금1.0-2.0/09:00-10:30"
공통교양,RGC1014-16,지혜와자비명작세미나,3,전민지,"화2.5-3.5/10:30-12:00,금1.0-2.0/09:00-10:30"
공통교양,RGC1014-17,지혜와자비명작세미나,3,장미란,화10.0-12.5/18:00-20:30
공통교양,RGC1014-18,지혜와자비명작세미나,3,오명지,월10.0-12.5/18:00-20:30
공통교양,RGC1014-19,지혜와자비명작세미나,3,이범수,"수1.0-2.0/09:00-10:30,금2.5-3.5/10:30-12:00"
공통교양,RGC1014-20,지혜와자비명작세미나,3,이범수,"수2.5-3.5/10:30-12:00,금1.0-2.0/09:00-10:30"
공통교양,RGC1014-21,지혜와자비명작세미나,3,오명지,"월7.0-8.0/15:00-16:30,목7.0-8.0/15:00-16:30"
공통교양,RGC1014-22,지혜와자비명작세미나,3,전효진,목10.0-12.5/18:00-20:30
공통교양,RGC1014-23,지혜와자비명작세미나,3,한수진,월7.0-9.5/15:00-18:00
공통교양,RGC1014-24,지혜와자비명작세미나,3,김성옥,*
공통교양,RGC1010-01,존재와역사명작세미나,3,손윤락,"월1.0-2.0/09:00-10:30,목2.5-3.5/10:30-12:00"
공통교양,RGC1010-02,존재와역사명작세미나,3,심인보,"월2.5-3.5/10:30-12:00,목1.0-2.0/09:00-10:30"
공통교양,RGC1010-03,존재와역사명작세미나,3,장운혁,"월1.0-2.0/09:00-10:30,목2.5-3.5/10:30-12:00"
공통교양,RGC1010-04,존재와역사명작세미나,3,손윤락,"월2.5-3.5/10:30-12:00,목1.0-2.0/09:00-10:30"
공통교양,RGC1010-05,존재와역사명작세미나,3,이원석,"월5.5-6.5/13:30-15:00,목5.5-6.5/13:30-15:00"
공통교양,RGC1010-06,존재와역사명작세미나,3,박민미,"월5.5-6.5/13:30-15:00,목5.5-6.5/13:30-15:00"
공통교양,RGC1010-07,존재와역사명작세미나,3,심인보,"월5.5-6.5/13:30-15:00,목5.5-6.5/13:30-15:00"
공통교양,RGC1010-08,존재와역사명작세미나,3,이석주,"월5.5-6.5/13:30-15:00,목5.5-6.5/13:30-15:00"
공통교양,RGC1010-09,존재와역사명작세미나,3,이원석,"월7.0-8.0/15:00-16:30,목7.0-8.0/15:00-16:30"
공통교양,RGC1010-10,존재와역사명작세미나,3,이석주,"월7.0-8.0/15:00-16:30,목7.0-8.0/15:00-16:30"
공통교양,RGC1010-11,존재와역사명작세미나,3,심인보,"월7.0-8.0/15:00-16:30,목7.0-8.0/15:00-16:30"
공통교양,RGC1010-12,존재와역사명작세미나,3,이미정,"월7.0-8.0/15:00-16:30,목7.0-8.0/15:00-16:30"
공통교양,RGC1010-13,존재와역사명작세미나,3,손윤락,"화1.0-2.0/09:00-10:30,금2.5-3.5/10:30-12:00"
공통교양,RGC1010-14,존재와역사명작세미나,3,이원석,"화1.0-2.0/09:00-10:30,금2.5-3.5/10:30-12:00"
공통교양,RGC1010-15,존재와역사명작세미나,3,황인욱,"화2.5-3.5/10:30-12:00,금1.0-2.0/09:00-10:30"
공통교양,RGC1010-16,존재와역사명작세미나,3,이원석,"화2.5-3.5/10:30-12:00,금1.0-2.0/09:00-10:30"
공통교양,RGC1010-17,존재와역사명작세미나,3,심인보,월10.0-12.5/18:00-20:30
공통교양,RGC1010-18,존재와역사명작세미나,3,이석주,화12.0-14.5/19:40-22:20
공통교양,RGC1010-19,존재와역사명작세미나,3,장운혁,금1.0-3.5/09:00-12:00
공통교양,RGC1010-20,존재와역사명작세미나,3,*,*
공통교양,RGC1011-01,경제와사회명작세미나,3,이광근,"월1.0-2.0/09:00-10:30,목2.5-3.5/10:30-12:00"
공통교양,RGC1011-02,경제와사회명작세미나,3,김승연,"월1.0-2.0/09:00-10:30,목2.5-3.5/10:30-12:00"
공통교양,RGC1011-03,경제와사회명작세미나,3,이광근,"월2.5-3.5/10:30-12:00,목1.0-2.0/09:00-10:30"
공통교양,RGC1011-04,경제와사회명작세미나,3,김승연,"월2.5-3.5/10:30-12:00,목1.0-2.0/09:00-10:30"
공통교양,RGC1011-05,경제와사회명작세미나,3,김철용,"월5.5-6.5/13:30-15:00,목5.5-6.5/13:30-15:00"
공통교양,RGC1011-06,경제와사회명작세미나,3,이광근,"월5.5-6.5/13:30-15:00,목5.5-6.5/13:30-15:00"
공통교양,RGC1011-07,경제와사회명작세미나,3,이상호,"월5.5-6.5/13:30-15:00,목5.5-6.5/13:30-15:00"
공통교양,RGC1011-08,경제와사회명작세미나,3,신현탁,"월5.5-6.5/13:30-15:00,목5.5-6.5/13:30-15:00"
공통교양,RGC1011-09,경제와사회명작세미나,3,이광근,"월7.0-8.0/15:00-16:30,목7.0-8.0/15:00-16:30"
공통교양,RGC1011-10,경제와사회명작세미나,3,이상호,"월7.0-8.0/15:00-16:30,목7.0-8.0/15:00-16:30"
공통교양,RGC1011-11,경제와사회명작세미나,3,박연진,"월7.0-8.0/15:00-16:30,목7.0-8.0/15:00-16:30"
공통교양,RGC1011-12,경제와사회명작세미나,3,김철용,"화1.0-2.0/09:00-10:30,금2.5-3.5/10:30-12:00"
공통교양,RGC1011-13,경제와사회명작세미나,3,김승연,"화2.5-3.5/10:30-12:00,금1.0-2.0/09:00-10:30"
공통교양,RGC1011-14,경제와사회명작세미나,3,이상호,수10.0-12.5/18:00-20:30
공통교양,RGC1011-15,경제와사회명작세미나,3,김한창,화12.0-14.5/19:40-22:20
공통교양,RGC1011-16,경제와사회명작세미나,3,신현탁,화5.0-7.5/13:00-16:00
공통교양,RGC1011-17,경제와사회명작세미나,3,*,*
공통교양,RGC1012-01,자연과기술명작세미나,3,유보영,"월1.0-2.0/09:00-10:30,목2.5-3.5/10:30-12:00"
공통교양,RGC1012-02,자연과기술명작세미나,3,유보영,"월2.5-3.5/10:30-12:00,목1.0-2.0/09:00-10:30"
공통교양,RGC1012-03,자연과기술명작세미나,3,강윤재,"월2.5-3.5/10:30-12:00,목1.0-2.0/09:00-10:30"
공통교양,RGC1012-04,자연과기술명작세미나,3,한광희,"월5.5-6.5/13:30-15:00,목5.5-6.5/13:30-15:00"
공통교양,RGC1012-05,자연과기술명작세미나,3,손향구,"월5.5-6.5/13:30-15:00,목5.5-6.5/13:30-15:00"
공통교양,RGC1012-06,자연과기술명작세미나,3,강윤재,"월5.5-6.5/13:30-15:00,목5.5-6.5/13:30-15:00"
공통교양,RGC1012-07,자연과기술명작세미나,3,김지연,"월5.5-6.5/13:30-15:00,목5.5-6.5/13:30-15:00"
공통교양,RGC1012-08,자연과기술명작세미나,3,김지연,"월7.0-8.0/15:00-16:30,목7.0-8.0/15:00-16:30"
공통교양,RGC1012-09,자연과기술명작세미나,3,손향구,"월7.0-8.0/15:00-16:30,목7.0-8.0/15:00-16:30"
공통교양,RGC1012-10,자연과기술명작세미나,3,강윤재,"월7.0-8.0/15:00-16:30,목7.0-8.0/15:00-16:30"
공통교양,RGC1012-11,자연과기술명작세미나,3,정연정,"월7.0-8.0/15:00-16:30,목7.0-8.0/15:00-16:30"
공통교양,RGC1012-12,자연과기술명작세미나,3,손향구,"화2.5-3.5/10:30-12:00,금1.0-2.0/09:00-10:30"
공통교양,RGC1012-13,자연과기술명작세미나,3,민수홍,"월1.0-2.0/09:00-10:30,목2.5-3.5/10:30-12:00"
공통교양,RGC1012-14,자연과기술명작세미나,3,손향구,목10.0-12.5/18:00-20:30
공통교양,RGC1012-15,자연과기술명작세미나,3,박진희,화12.0-14.5/19:40-22:20
공통교양,RGC1012-16,자연과기술명작세미나,3,한광희,"월7.0-8.0/15:00-16:30,목7.0-8.0/15:00-16:30"
공통교양,RGC1012-17,자연과기술명작세미나,3,민수홍,"월2.5-3.5/10:30-12:00,목1.0-2.0/09:00-10:30"
공통교양,RGC1012-18,자연과기술명작세미나,3,이태희,월1.0-3.5/09:00-12:00
공통교양,RGC1012-19,자연과기술명작세미나,3,이태희,목5.0-7.5/13:00-16:00
공통교양,RGC1012-20,자연과기술명작세미나,3,*,*
공통교양,RGC1013-01,문화와예술명작세미나,3,서희원,"월1.0-2.0/09:00-10:30,목2.5-3.5/10:30-12:00"
공통교양,RGC1013-02,문화와예술명작세미나,3,신덕용,"월2.5-3.5/10:30-12:00,목1.0-2.0/09:00-10:30"
공통교양,RGC1013-03,문화와예술명작세미나,3,최현숙,"월1.0-2.0/09:00-10:30,목2.5-3.5/10:30-12:00"
공통교양,RGC1013-04,문화와예술명작세미나,3,신덕용,"월1.0-2.0/09:00-10:30,목2.5-3.5/10:30-12:00"
공통교양,RGC1013-05,문화와예술명작세미나,3,서희원,"월2.5-3.5/10:30-12:00,목1.0-2.0/09:00-10:30"
공통교양,RGC1013-06,문화와예술명작세미나,3,문경연,"월5.5-6.5/13:30-15:00,목5.5-6.5/13:30-15:00"
공통교양,RGC1013-07,문화와예술명작세미나,3,정윤길,"월5.5-6.5/13:30-15:00,목5.5-6.5/13:30-15:00"
공통교양,RGC1013-08,문화와예술명작세미나,3,서희원,"월5.5-6.5/13:30-15:00,목5.5-6.5/13:30-15:00"
공통교양,RGC1013-09,문화와예술명작세미나,3,김성규,"월7.0-8.0/15:00-16:30,목7.0-8.0/15:00-16:30"
공통교양,RGC1013-10,문화와예술명작세미나,3,정윤길,"월7.0-8.0/15:00-16:30,목7.0-8.0/15:00-16:30"
공통교양,RGC1013-11,문화와예술명작세미나,3,서희원,"월7.0-8.0/15:00-16:30,목7.0-8.0/15:00-16:30"
공통교양,RGC1013-12,문화와예술명작세미나,3,문경연,"월7.0-8.0/15:00-16:30,목7.0-8.0/15:00-16:30"
공통교양,RGC1013-13,문화와예술명작세미나,3,신덕용,"화1.0-2.0/09:00-10:30,금2.5-3.5/10:30-12:00"
공통교양,RGC1013-14,문화와예술명작세미나,3,허병식,"화1.0-2.0/09:00-10:30,금2.5-3.5/10:30-12:00"
공통교양,RGC1013-15,문화와예술명작세미나,3,최현숙,"화2.5-3.5/10:30-12:00,금1.0-2.0/09:00-10:30"
공통교양,RGC1013-16,문화와예술명작세미나,3,허병식,"화2.5-3.5/10:30-12:00,금1.0-2.0/09:00-10:30"
공통교양,RGC1013-17,문화와예술명작세미나,3,정윤길,화11.0-13.5/18:50-21:30
공통교양,RGC1013-18,문화와예술명작세미나,3,정창훈,화5.0-7.5/13:00-16:00
공통교양,RGC1013-19,문화와예술명작세미나,3,정영효,수1.0-3.5/09:00-12:00
공통교양,RGC1013-20,문화와예술명작세미나,3,*,*
공통교양,RGC1050-01,소셜앙트레프레너십과리더십,2,성창수,*
공통교양,RGC1050-02,소셜앙트레프레너십과리더십,2,성창수,*
공통교양,RGC1050-03,소셜앙트레프레너십과리더십,2,심태은,*
공통교양,RGC1051-01,글로벌앙트레프레너십과리더십,2,심태은,*
공통교양,RGC1051-02,글로벌앙트레프레너십과리더십,2,성창수,*
공통교양,RGC1051-03,글로벌앙트레프레너십과리더십,2,성창수,*
공통교양,RGC1052-01,테크노앙트레프레너십과리더십,2,성창수,*
공통교양,RGC1052-02,테크노앙트레프레너십과리더십,2,심태은,*
공통교양,RGC1052-03,테크노앙트레프레너십과리더십,2,심태은,*
공통교양,RGC1075-01,아시아의사회와문화,2,최경아,월3.0-4.5/11:00-13:00
공통교양,RGC1075-02,아시아의사회와문화,2,최지수,화1.0-2.5/09:00-11:00
공통교양,RGC1075-03,아시아의사회와문화,2,최지수,목3.0-4.5/11:00-13:00
공통교양,RGC1075-04,아시아의사회와문화,2,최경아,목6.0-7.5/14:00-16:00
공통교양,RGC1076-01,아메리카의사회와문화,2,윤영도,월6.0-7.5/14:00-16:00
공통교양,RGC1076-02,아메리카의사회와문화,2,윤영도,수8.0-9.5/16:00-18:00
공통교양,RGC1076-03,아메리카의사회와문화,2,윤영도,목8.0-9.5/16:00-18:00
공통교양,RGC1076-04,아메리카의사회와문화,2,남진희,금2.0-3.5/10:00-12:00
공통교양,RGC1076-05,아메리카의사회와문화,2,남진희,금4.0-5.5/12:00-14:00
공통교양,RGC1076-06,아메리카의사회와문화,2,남진희,화5.0-6.5/13:00-15:00
공통교양,RGC1077-01,유럽의사회와문화,2,봉일원,화3.0-4.5/11:00-13:00
공통교양,RGC1077-02,유럽의사회와문화,2,봉일원,화6.0-7.5/14:00-16:00
공통교양,RGC1077-03,유럽의사회와문화,2,봉일원,화8.0-9.5/16:00-18:00
공통교양,RGC1077-04,유럽의사회와문화,2,홍웅호,수6.0-7.5/14:00-16:00
공통교양,RGC1077-05,유럽의사회와문화,2,이상욱,월9.0-10.5/17:00-18:50
공통교양,RGC1077-06,유럽의사회와문화,2,홍웅호,수1.0-2.5/09:00-11:00
공통교양,RGC1078-01,아프리카의사회와문화,2,김유원,목6.0-7.5/14:00-16:00
공통교양,RGC1078-02,아프리카의사회와문화,2,김유원,월1.0-2.5/09:00-11:00
공통교양,RGC1078-03,아프리카의사회와문화,2,김유원,목1.0-2.5/09:00-11:00
공통교양,RGC1030-01,BasicEAS,0,박효진,월1.0-2.5/09:00-11:00
공통교양,RGC1030-02,BasicEAS,0,최진범,월1.0-2.5/09:00-11:00
공통교양,RGC1030-03,BasicEAS,0,안삼경,월5.5-7.0/13:30-15:30
공통교양,RGC1030-04,BasicEAS,0,김지선,화1.0-2.5/09:00-11:00
공통교양,RGC1030-05,BasicEAS,0,한미애,화1.0-2.5/09:00-11:00
공통교양,RGC1030-06,BasicEAS,0,김지희,수1.0-2.5/09:00-11:00
공통교양,RGC1030-07,BasicEAS,0,한미애,수1.0-2.5/09:00-11:00
공통교양,RGC1030-08,BasicEAS,0,손윤희,목1.0-2.5/09:00-11:00
공통교양,RGC1030-09,BasicEAS,0,*,목5.5-7.0/13:30-15:30
공통교양,RGC1030-10,BasicEAS,0,방찬혁,목5.5-7.0/13:30-15:30
공통교양,RGC1030-11,BasicEAS,0,이광임,목1.0-2.5/09:00-11:00
공통교양,RGC1030-12,BasicEAS,0,김종갑,월11.0-12.5/18:50-20:30
공통교양,RGC1030-13,BasicEAS,0,박효진,목11.0-12.5/18:50-20:30
공통교양,RGC1030-14,BasicEAS,0,이난희,수1.0-2.5/09:00-11:00
공통교양,RGC1030-15,BasicEAS,0,안삼경,수4.0-5.5/12:00-14:00
공통교양,RGC1080-01,EAS1,2,찰스크로이터,월4.0-5.5/12:00-14:00
공통교양,RGC1080-02,EAS1,2,*,목4.0-5.5/12:00-14:00
공통교양,RGC1080-03,EAS1,2,브라이언오라스,월2.0-3.5/10:00-12:00
공통교양,RGC1080-04,EAS1,2,브라이언킨,월2.5-4.0/10:30-12:30
공통교양,RGC1080-05,EAS1,2,션커멘,목2.0-3.5/10:00-12:00
공통교양,RGC1080-06,EAS1,2,키난페건,금7.0-8.5/15:00-17:00
공통교양,RGC1080-07,EAS1,2,키난페건,화7.5-9.0/15:30-17:30
공통교양,RGC1080-08,EAS1,2,키난페건,수8.0-9.5/16:00-18:00
공통교양,RGC1080-10,EAS1,2,*,월6.5-8.0/14:30-16:30
공통교양,RGC1080-100,EAS1,2,*,월4.0-5.5/12:00-14:00
공통교양,RGC1080-101,EAS1,2,크레이그블리스,월4.0-5.5/12:00-14:00
공통교양,RGC1080-102,EAS1,2,*,수3.0-4.5/11:00-13:00
공통교양,RGC1080-103,EAS1,2,사무엘맥도널드,수3.0-4.5/11:00-13:00
공통교양,RGC1080-104,EAS1,2,게럿파월,수3.0-4.5/11:00-13:00
공통교양,RGC1080-105,EAS1,2,쟌아다마,월5.5-7.0/13:30-15:30
공통교양,RGC1080-106,EAS1,2,김명숙,월5.5-7.0/13:30-15:30
공통교양,RGC1080-107,EAS1,2,마이클오코넬,목5.5-7.0/13:30-15:30
공통교양,RGC1080-108,EAS1,2,데미안,목5.5-6.5/13:30-15:00
공통교양,RGC1080-109,EAS1,2,데미안,월7.0-8.5/15:00-17:00
공통교양,RGC1080-11,EAS1,2,스티븐쿤스,금11.0-12.5/18:50-20:30
공통교양,RGC1080-110,EAS1,2,*,월7.0-8.5/15:00-17:00
공통교양,RGC1080-111,EAS1,2,지나한,목7.0-8.5/15:00-17:00
공통교양,RGC1080-112,EAS1,2,*,월8.5-10.0/16:30-18:25
공통교양,RGC1080-113,EAS1,2,소컴켕,월8.5-10.0/16:30-18:25
공통교양,RGC1080-114,EAS1,2,*,수11.0-13.0/18:50-21:05
공통교양,RGC1080-115,EAS1,2,에린오카모토,월8.5-10.0/16:30-18:25
공통교양,RGC1080-116,EAS1,2,에이미우,수6.0-7.5/14:00-16:00
공통교양,RGC1080-117,EAS1,2,*,화6.0-7.5/14:00-16:00
공통교양,RGC1080-118,EAS1,2,에이미우,금6.0-7.5/14:00-16:00
공통교양,RGC1080-119,EAS1,2,*,월4.0-5.5/12:00-14:00
공통교양,RGC1080-12,EAS1,2,에린오카모토,월12.0-13.5/19:40-21:30
공통교양,RGC1080-120,EAS1,2,패트릭,화1.0-2.5/09:00-11:00
공통교양,RGC1080-121,EAS1,2,폴로저스,화3.0-4.5/11:00-13:00
공통교양,RGC1080-122,EAS1,2,마이클오코넬,화5.0-6.5/13:00-15:00
공통교양,RGC1080-123,EAS1,2,김명숙,화7.0-8.5/15:00-17:00
공통교양,RGC1080-124,EAS1,2,에린오카모토,화9.0-10.5/17:00-18:50
공통교양,RGC1080-125,EAS1,2,스티븐쿤스,화11.0-12.5/18:50-20:30
공통교양,RGC1080-126,EAS1,2,데미안,수1.0-2.5/09:00-11:00
공통교양,RGC1080-127,EAS1,2,폴로저스,수3.0-4.5/11:00-13:00
공통교양,RGC1080-128,EAS1,2,김명숙,수5.0-6.5/13:00-15:00
공통교양,RGC1080-129,EAS1,2,스티븐쿤스,수9.0-10.5/17:00-18:50
공통교양,RGC1080-13,EAS1,2,에린오카모토,목11.0-12.5/18:50-20:30
공통교양,RGC1080-130,EAS1,2,브라이언킨,목1.0-2.5/09:00-11:00
공통교양,RGC1080-131,EAS1,2,패트릭,목3.0-4.5/11:00-13:00
공통교양,RGC1080-132,EAS1,2,*,목5.0-6.5/13:00-15:00
공통교양,RGC1080-133,EAS1,2,소컴켕,목9.0-10.5/17:00-18:50
공통교양,RGC1080-134,EAS1,2,스티븐쿤스,목11.0-12.5/18:50-20:30
공통교양,RGC1080-135,EAS1,2,스티븐쿤스,수11.0-12.5/18:50-20:30
공통교양,RGC1080-136,EAS1,2,제이미커크,월1.0-2.5/09:00-11:00
공통교양,RGC1080-137,EAS1,2,사무엘맥도널드,월3.5-5.0/11:30-13:30
공통교양,RGC1080-138,EAS1,2,지나한,화5.0-6.5/13:00-15:00
공통교양,RGC1080-139,EAS1,2,캐서린무어,화7.0-8.5/15:00-17:00
공통교양,RGC1080-14,EAS1,2,션커멘,월1.0-2.5/09:00-11:00
공통교양,RGC1080-140,EAS1,2,게럿파월,목5.0-6.5/13:00-15:00
공통교양,RGC1080-141,EAS1,2,*,목7.0-8.5/15:00-17:00
공통교양,RGC1080-142,EAS1,2,제이미커크,금1.0-2.5/09:00-11:00
공통교양,RGC1080-143,EAS1,2,제프벨리,금4.0-5.5/12:00-14:00
공통교양,RGC1080-144,EAS1,2,쟌아다마,금8.0-9.5/16:00-18:00
공통교양,RGC1080-145,EAS1,2,사무엘맥도널드,월1.0-2.5/09:00-11:00
공통교양,RGC1080-146,EAS1,2,에이미우,목7.5-9.0/15:30-17:30
공통교양,RGC1080-147,EAS1,2,지나한,금1.0-2.5/09:00-11:00
공통교양,RGC1080-148,EAS1,2,제이미커크,금4.0-5.5/12:00-14:00
공통교양,RGC1080-149,EAS1,2,*,금8.0-9.5/16:00-18:00
공통교양,RGC1080-15,EAS1,2,제프리조단,월3.0-4.5/11:00-13:00
공통교양,RGC1080-150,EAS1,2,패트릭,월1.0-2.5/09:00-11:00
공통교양,RGC1080-151,EAS1,2,패트릭,월3.0-4.5/11:00-13:00
공통교양,RGC1080-152,EAS1,2,소컴켕,수6.0-7.5/14:00-16:00
공통교양,RGC1080-153,EAS1,2,김명숙,화4.0-5.5/12:00-14:00
공통교양,RGC1080-154,EAS1,2,크레이그블리스,목3.5-5.0/11:30-13:30
공통교양,RGC1080-155,EAS1,2,찰스크로이터,금4.0-5.5/12:00-14:00
공통교양,RGC1080-156,EAS1,2,폴로저스,월3.0-4.5/11:00-13:00
공통교양,RGC1080-157,EAS1,2,게럿파월,화1.0-2.5/09:00-11:00
공통교양,RGC1080-158,EAS1,2,벤윌리스,목3.0-4.5/11:00-13:00
공통교양,RGC1080-159,EAS1,2,크레이그블리스,화3.0-4.5/11:00-13:00
공통교양,RGC1080-16,EAS1,2,제프리조단,월5.0-6.5/13:00-15:00
공통교양,RGC1080-160,EAS1,2,*,금3.0-4.5/11:00-13:00
공통교양,RGC1080-17,EAS1,2,션커멘,수1.0-2.5/09:00-11:00
공통교양,RGC1080-18,EAS1,2,션커멘,수3.0-4.5/11:00-13:00
공통교양,RGC1080-19,EAS1,2,찰스크로이터,수3.0-4.5/11:00-13:00
공통교양,RGC1080-20,EAS1,2,지나한,수7.0-8.5/15:00-17:00
공통교양,RGC1080-21,EAS1,2,에린오카모토,수9.0-10.5/17:00-18:50
공통교양,RGC1080-22,EAS1,2,지나한,목4.0-5.5/12:00-14:00
공통교양,RGC1080-23,EAS1,2,키난페건,목6.0-7.5/14:00-16:00
공통교양,RGC1080-24,EAS1,2,에린오카모토,목8.0-9.5/16:00-18:00
공통교양,RGC1080-25,EAS1,2,*,금1.0-2.5/09:00-11:00
공통교양,RGC1080-26,EAS1,2,지나한,금3.0-4.5/11:00-13:00
공통교양,RGC1080-27,EAS1,2,키난페건,금5.0-6.5/13:00-15:00
공통교양,RGC1080-28,EAS1,2,벤윌리스,금7.0-8.5/15:00-17:00
공통교양,RGC1080-29,EAS1,2,마이클오코넬,금8.0-9.5/16:00-18:00
공통교양,RGC1080-30,EAS1,2,벤윌리스,월6.0-7.5/14:00-16:00
공통교양,RGC1080-31,EAS1,2,김명숙,월8.0-9.5/16:00-18:00
공통교양,RGC1080-32,EAS1,2,브라이언오라스,화1.0-2.5/09:00-11:00
공통교양,RGC1080-33,EAS1,2,제프리조단,화3.0-4.5/11:00-13:00
공통교양,RGC1080-34,EAS1,2,제이미멜린추크,화8.0-9.5/16:00-18:00
공통교양,RGC1080-35,EAS1,2,제프리조단,수1.0-2.5/09:00-11:00
공통교양,RGC1080-36,EAS1,2,키아란피에차카,수3.0-4.5/11:00-13:00
공통교양,RGC1080-37,EAS1,2,사무엘오스틴,수5.0-6.5/13:00-15:00
공통교양,RGC1080-38,EAS1,2,제프벨리,수7.0-8.5/15:00-17:00
공통교양,RGC1080-39,EAS1,2,사무엘오스틴,수9.0-10.5/17:00-18:50
공통교양,RGC1080-40,EAS1,2,제이미멜린추크,수3.0-4.5/11:00-13:00
공통교양,RGC1080-41,EAS1,2,소컴켕,목6.0-7.5/14:00-16:00
공통교양,RGC1080-42,EAS1,2,제이미멜린추크,금11.0-13.0/18:50-21:05
공통교양,RGC1080-43,EAS1,2,키아란피에차카,금3.0-4.5/11:00-13:00
공통교양,RGC1080-44,EAS1,2,브라이언킨,화1.0-2.5/09:00-11:00
공통교양,RGC1080-45,EAS1,2,사무엘맥도널드,화3.0-4.5/11:00-13:00
공통교양,RGC1080-46,EAS1,2,키난페건,화5.0-6.5/13:00-15:00
공통교양,RGC1080-47,EAS1,2,*,화7.0-8.5/15:00-17:00
공통교양,RGC1080-48,EAS1,2,브라이언킨,수1.0-2.5/09:00-11:00
공통교양,RGC1080-49,EAS1,2,패트릭,수1.0-2.5/09:00-11:00
공통교양,RGC1080-50,EAS1,2,제이미멜린추크,수8.0-9.5/16:00-18:00
공통교양,RGC1080-51,EAS1,2,마이클오코넬,목7.5-9.0/15:30-17:30
공통교양,RGC1080-52,EAS1,2,크레이그블리스,금1.0-2.5/09:00-11:00
공통교양,RGC1080-53,EAS1,2,게럿파월,금3.0-4.5/11:00-13:00
공통교양,RGC1080-54,EAS1,2,*,금5.0-6.5/13:00-15:00
공통교양,RGC1080-55,EAS1,2,*,금7.0-8.5/15:00-17:00
공통교양,RGC1080-56,EAS1,2,소컴켕,금9.0-10.5/17:00-18:50
공통교양,RGC1080-57,EAS1,2,찰스크로이터,화1.0-2.5/09:00-11:00
공통교양,RGC1080-58,EAS1,2,게럿파월,화3.0-4.5/11:00-13:00
공통교양,RGC1080-59,EAS1,2,제이미멜린추크,화11.0-13.0/18:50-21:05
공통교양,RGC1080-60,EAS1,2,사무엘오스틴,화7.0-8.5/15:00-17:00
공통교양,RGC1080-61,EAS1,2,키아란피에차카,화9.0-10.5/17:00-18:50
공통교양,RGC1080-62,EAS1,2,찰스크로이터,수1.0-2.5/09:00-11:00
공통교양,RGC1080-63,EAS1,2,브라이언오라스,수5.0-6.5/13:00-15:00
공통교양,RGC1080-64,EAS1,2,사무엘오스틴,수7.0-8.5/15:00-17:00
공통교양,RGC1080-65,EAS1,2,소컴켕,수9.0-10.5/17:00-18:50
공통교양,RGC1080-66,EAS1,2,브라이언오라스,목4.0-5.5/12:00-14:00
공통교양,RGC1080-67,EAS1,2,게럿파월,금1.0-2.5/09:00-11:00
공통교양,RGC1080-68,EAS1,2,크레이그블리스,금3.0-4.5/11:00-13:00
공통교양,RGC1080-69,EAS1,2,*,금5.0-6.5/13:00-15:00
공통교양,RGC1080-70,EAS1,2,*,금7.0-8.5/15:00-17:00
공통교양,RGC1080-71,EAS1,2,브라이언오라스,월4.0-5.5/12:00-14:00
공통교양,RGC1080-72,EAS1,2,크레이그블리스,월6.0-7.5/14:00-16:00
공통교양,RGC1080-73,EAS1,2,제이미멜린추크,월8.0-9.5/16:00-18:00
공통교양,RGC1080-74,EAS1,2,제프리조단,화1.0-2.5/09:00-11:00
공통교양,RGC1080-75,EAS1,2,패트릭,화3.0-4.5/11:00-13:00
공통교양,RGC1080-76,EAS1,2,찰스크로이터,월2.0-3.5/10:00-12:00
공통교양,RGC1080-77,EAS1,2,마이클오코넬,화7.0-8.5/15:00-17:00
공통교양,RGC1080-78,EAS1,2,브라이언오라스,수2.0-3.5/10:00-12:00
공통교양,RGC1080-79,EAS1,2,제프벨리,수4.0-5.5/12:00-14:00
공통교양,RGC1080-80,EAS1,2,캐서린무어,수6.0-7.5/14:00-16:00
공통교양,RGC1080-81,EAS1,2,마이클오코넬,수8.0-9.5/16:00-18:00
공통교양,RGC1080-82,EAS1,2,찰스크로이터,목4.0-5.5/12:00-14:00
공통교양,RGC1080-83,EAS1,2,캐서린무어,목6.0-7.5/14:00-16:00
공통교양,RGC1080-84,EAS1,2,캐서린무어,목8.0-9.5/16:00-18:00
공통교양,RGC1080-85,EAS1,2,사무엘맥도널드,금2.0-3.5/10:00-12:00
공통교양,RGC1080-86,EAS1,2,사무엘맥도널드,금4.0-5.5/12:00-14:00
공통교양,RGC1080-87,EAS1,2,캐서린무어,금6.0-7.5/14:00-16:00
공통교양,RGC1080-88,EAS1,2,브라이언킨,월5.5-7.0/13:30-15:30
공통교양,RGC1080-89,EAS1,2,*,월7.5-9.0/15:30-17:30
공통교양,RGC1080-9,EAS1,2,션커멘,화1.0-2.5/09:00-11:00
공통교양,RGC1080-90,EAS1,2,*,목4.0-5.5/12:00-14:00
공통교양,RGC1080-91,EAS1,2,벤윌리스,목6.0-7.5/14:00-16:00
공통교양,RGC1080-92,EAS1,2,데미안,월2.0-3.5/10:00-12:00
공통교양,RGC1080-93,EAS1,2,소컴켕,월6.0-7.5/14:00-16:00
공통교양,RGC1080-94,EAS1,2,김명숙,목5.5-7.0/13:30-15:30
공통교양,RGC1080-95,EAS1,2,찰스크로이터,금2.0-3.5/10:00-12:00
공통교양,RGC1080-96,EAS1,2,쟌아다마,목5.5-7.0/13:30-15:30
공통교양,RGC1080-97,EAS1,2,데미안,목7.5-9.0/15:30-17:30
공통교양,RGC1080-98,EAS1,2,제프리조단,목2.0-3.5/10:00-12:00
공통교양,RGC1080-99,EAS1,2,데미안,화6.0-7.5/14:00-16:00
공통교양,RGC1081-01,EAS2,2,*,월4.0-5.5/12:00-14:00
공통교양,RGC1081-02,EAS2,2,바트서플,월4.0-5.5/12:00-14:00
공통교양,RGC1081-03,EAS2,2,바트서플,목4.0-5.5/12:00-14:00
공통교양,RGC1081-04,EAS2,2,*,목4.0-5.5/12:00-14:00
공통교양,RGC1081-05,EAS2,2,*,월2.0-3.5/10:00-12:00
공통교양,RGC1081-06,EAS2,2,*,월2.5-4.0/10:30-12:30
공통교양,RGC1081-07,EAS2,2,바트서플,목2.0-3.5/10:00-12:00
공통교양,RGC1081-08,EAS2,2,*,목2.0-3.5/10:00-12:00
공통교양,RGC1081-09,EAS2,2,제이미멜린추크,화6.0-7.5/14:00-16:00
공통교양,RGC1081-10,EAS2,2,데런크레인,화7.5-9.0/15:30-17:30
공통교양,RGC1081-11,EAS2,2,*,목6.0-7.5/14:00-16:00
공통교양,RGC1081-12,EAS2,2,제이미멜린추크,목6.0-7.5/14:00-16:00
공통교양,RGC1081-13,EAS2,2,제이미멜린추크,월5.5-7.0/13:30-15:30
공통교양,RGC1081-14,EAS2,2,데런크레인,월6.5-8.0/14:30-16:30
공통교양,RGC1081-15,EAS2,2,*,목5.0-6.5/13:00-15:00
공통교양,RGC1081-16,EAS2,2,제이미커크,목1.0-2.5/09:00-11:00
공통교양,RGC1081-17,EAS2,2,제이미커크,화3.0-4.5/11:00-13:00
공통교양,RGC1081-18,EAS2,2,제이미커크,화1.0-2.5/09:00-11:00
공통교양,RGC1081-19,EAS2,2,*,목2.0-3.5/10:00-12:00
공통교양,RGC1081-20,EAS2,2,정효진,목2.0-3.5/10:00-12:00
공통교양,RGC1081-21,EAS2,2,데런크레인,화10.0-11.5/18:00-19:40
공통교양,RGC1081-22,EAS2,2,제이미멜린추크,목10.0-11.5/18:00-19:40
공통교양,RGC1081-23,EAS2,2,사무엘오스틴,월8.0-9.5/16:00-18:00
공통교양,RGC1081-24,EAS2,2,데런크레인,월8.5-10.0/16:30-18:25
공통교양,RGC1081-25,EAS2,2,사무엘오스틴,목5.0-6.5/13:00-15:00
공통교양,RGC1081-26,EAS2,2,데런크레인,목8.0-9.5/16:00-18:00
공통교양,RGC1081-27,EAS2,2,사무엘오스틴,월5.5-7.0/13:30-15:30
공통교양,RGC1081-28,EAS2,2,정효진,월5.0-6.5/13:00-15:00
공통교양,RGC1081-29,EAS2,2,정효진,목5.0-6.5/13:00-15:00
공통교양,RGC1081-30,EAS2,2,정효진,화3.0-4.5/11:00-13:00
공통교양,RGC1081-31,EAS2,2,바트서플,월7.0-8.5/15:00-17:00
공통교양,RGC1081-32,EAS2,2,정효진,월7.0-8.5/15:00-17:00
공통교양,RGC1081-33,EAS2,2,정효진,목7.0-8.5/15:00-17:00
공통교양,RGC1081-34,EAS2,2,바트서플,목7.0-8.5/15:00-17:00
공통교양,RGC1081-35,EAS2,2,바트서플,화6.0-7.5/14:00-16:00
공통교양,RGC1081-36,EAS2,2,사무엘오스틴,화5.0-6.5/13:00-15:00
공통교양,RGC1081-37,EAS2,2,데런크레인,금5.5-7.0/13:30-15:30
공통교양,RGC1081-38,EAS2,2,벤윌리스,금5.0-6.5/13:00-15:00
공통교양,RGC1081-39,EAS2,2,데이린프롤리,월10.0-11.5/18:00-19:40
공통교양,RGC1081-40,EAS2,2,*,월11.0-12.5/18:50-20:30
공통교양,RGC3009-01,대학고급영어,2,*,화3.0-4.5/11:00-13:00
공통교양,RGC3010-01,대학영어,1,*,화5.5-6.0/13:30-14:30
공통교양,RGC6004-01,한국사회의이슈,3,정군기,"화1.0-2.0/09:00-10:30,금1.0-2.0/09:00-10:30"
공통교양,RGC8005-01,한국의역사와전통,3,정성인,"화1.0-2.0/09:00-10:30,금1.0-2.0/09:00-10:30"
공통교양,RGC8006-01,한국명작의이해,3,정성인,"월1.0-2.0/09:00-10:30,목1.0-2.0/09:00-10:30"
공통교양,RGC8007-01,한중텍스트소통,3,임미주,"월1.0-2.0/09:00-10:30,목1.0-2.0/09:00-10:30"
공통교양,RGC8008-01,한국대중문화이해,3,성진수,"화2.5-3.5/10:30-12:00,금2.5-3.5/10:30-12:00"
공통교양,RGC1041-01,컴퓨팅사고,2,이명숙,월2.0-3.5/10:00-12:00
공통교양,RGC1041-02,컴퓨팅사고,2,이명숙,화1.0-2.5/09:00-11:00
공통교양,RGC1041-03,컴퓨팅사고,2,이명숙,수1.0-2.5/09:00-11:00
공통교양,RGC1041-04,컴퓨팅사고,2,백순욱,목1.0-2.5/09:00-11:00
공통교양,RGC1041-05,컴퓨팅사고,2,윤덕희,금1.0-2.5/09:00-11:00
공통교양,RGC1041-06,컴퓨팅사고,2,이명숙,수7.0-8.5/15:00-17:00
공통교양,RGC1042-01,프로그래밍입문,2,김민경,월5.5-8.0/13:30-16:30
공통교양,RGC1042-02,프로그래밍입문,2,양문자,금1.0-3.5/09:00-12:00
공통교양,RGC1042-03,프로그래밍입문,2,양문자,금5.0-7.5/13:00-16:00
공통교양,RGC1043-01,자율사물입문,2,곽문규,*
공통교양,RGC1046-01,인공지능과 미래사회,2,최성연,*
공통교양,RGC1046-02,인공지능과 미래사회,2,최성연,*
공통교양,RGC1046-03,인공지능과 미래사회,2,최성연,*
공통교양,RGC1070-01,미래인간과 위험사회,2,정윤길,수2.0-3.5/10:00-12:00
공통교양,RGC1070-02,미래인간과 위험사회,2,정윤길,금2.0-3.5/10:00-12:00
공통교양,RGC1071-01,시장경제와 위험사회,2,이상호,월8.5-10.0/16:30-18:25
공통교양,RGC1071-02,시장경제와 위험사회,2,*,수1.0-2.5/09:00-11:00
공통교양,RGC1072-01,과학기술과 위험사회,2,강윤재,월9.0-10.5/17:00-18:50
공통교양,RGC1072-02,과학기술과 위험사회,2,강윤재,화4.0-5.5/12:00-14:00
공통교양,RGC1073-01,미래환경과 위험사회,2,남진숙,화6.0-7.5/14:00-16:00
공통교양,RGC1073-02,미래환경과 위험사회,2,고은선,화9.0-10.5/17:00-18:50
공통교양,RGC8010-01,대학한국어Ⅰ(발표와토론),2,최은경,금8.0-9.5/16:00-18:00
공통교양,RGC8010-02,대학한국어Ⅰ(발표와토론),2,조영미,화8.0-9.5/16:00-18:00
공통교양,RGC8010-03,대학한국어Ⅰ(발표와토론),2,엄수진,수8.0-9.5/16:00-18:00
공통교양,RGC8011-01,대학한국어Ⅰ(독해와작문),2,최은경,수8.0-9.5/16:00-18:00
공통교양,RGC8011-02,대학한국어Ⅰ(독해와작문),2,엄수진,목8.0-9.5/16:00-18:00
공통교양,RGC8011-03,대학한국어Ⅰ(독해와작문),2,조영미,목8.0-9.5/16:00-18:00
공통교양,RGC8012-01,대학한국어Ⅱ(발표와토론),2,최은경,화8.0-9.5/16:00-18:00
공통교양,RGC8012-02,대학한국어Ⅱ(발표와토론),2,이경애,금8.0-9.5/16:00-18:00
공통교양,RGC8012-03,대학한국어Ⅱ(발표와토론),2,권미경,화8.0-9.5/16:00-18:00
공통교양,RGC8013-01,대학한국어Ⅱ(독해와작문),3,최은경,"월3.0-4.0/11:00-12:30,목3.0-4.0/11:00-12:30"
공통교양,RGC8013-02,대학한국어Ⅱ(독해와작문),3,최은경,"화6.0-7.0/14:00-15:30,목6.0-7.0/14:00-15:30"
공통교양,RGC8013-03,대학한국어Ⅱ(독해와작문),3,권미경,"화6.0-7.0/14:00-15:30,목6.0-7.0/14:00-15:30"
공통교양,RGC8014-01,한국의법과정치,2,심민석,수1.0-2.5/09:00-11:00
공통교양,RGC8014-02,한국의법과정치,2,심민석,수4.0-5.5/12:00-14:00
공통교양,RGC8015-01,한국의경제와경영,2,민윤지,금1.0-2.5/09:00-11:00
공통교양,RGC8015-02,한국의경제와경영,2,민윤지,화1.0-2.5/09:00-11:00
공통교양,RGC8016-01,수학과통계의이해,2,이영운,월6.0-7.5/14:00-16:00
공통교양,RGC8016-02,수학과통계의이해,2,이영운,월1.0-2.5/09:00-11:00
공통교양,RGC8017-01,과학기술의이해,2,이영운,목1.0-2.5/09:00-11:00
공통교양,RGC8017-02,과학기술의이해,2,이영운,수6.0-7.5/14:00-16:00
공통교양,RGC8018-01,글로벌한국문화,3,김종일,"화4.5-5.5/12:30-14:00,금4.5-5.5/12:30-14:00"
공통교양,RGC8018-02,글로벌한국문화,3,김종일,"화3.0-4.0/11:00-12:30,금3.0-4.0/11:00-12:30"
공통교양,RGC8018-03,글로벌한국문화,3,김종일,"월4.5-5.5/12:30-14:00,목4.5-5.5/12:30-14:00"
