공통교양,RGC0003,01,불교와인간,2,서정원(향원),수,1240,1340
공통교양,RGC0003,02,불교와인간,2,박영란(현서),월,540,660
공통교양,RGC0003,03,불교와인간,2,문진영(정천),월,540,660
공통교양,RGC0003,04,불교와인간,2,권순범,월,540,660
공통교양,RGC0003,05,불교와인간,2,강기선(도업),월,810,930
공통교양,RGC0003,06,불교와인간,2,고영섭,월,810,930
공통교양,RGC0003,07,불교와인간,2,오명지,화,540,660
공통교양,RGC0003,08,불교와인간,2,강기선(도업),화,540,660
공통교양,RGC0003,09,불교와인간,2,명계환,화,540,660
공통교양,RGC0003,10,불교와인간,2,이석환,화,540,660
공통교양,RGC0003,11,불교와인간,2,권정현(자헌),수,540,660
공통교양,RGC0003,12,불교와인간,2,김한상(Sumana),수,540,660
공통교양,RGC0003,13,불교와인간,2,전효진(진관),수,540,660
공통교양,RGC0003,14,불교와인간,2,전민지,목,540,660
공통교양,RGC0003,15,불교와인간,2,조종복,목,540,660
공통교양,RGC0003,16,불교와인간,2,조인숙(고따미),목,540,660
공통교양,RGC0003,17,불교와인간,2,지창규(명원),목,810,930
공통교양,RGC0003,18,불교와인간,2,전민지,목,810,930
공통교양,RGC0003,19,불교와인간,2,고영섭,목,810,930
공통교양,RGC0003,20,불교와인간,2,장성우,금,540,660
공통교양,RGC0003,21,불교와인간,2,김한상(Sumana),금,540,660
공통교양,RGC0003,22,불교와인간,2,조인숙(고따미),금,540,660
공통교양,RGC0003,23,불교와인간,2,김은영,금,540,660
공통교양,RGC0003,24,불교와인간,2,임윤경(석도),월,810,930
공통교양,RGC0003,25,불교와인간,2,김지연(묘련화),수,540,660
공통교양,RGC0003,26,불교와인간,2,이호경,월,810,930
공통교양,RGC0003,27,불교와인간,2,박대용(동광),화,1080,1180
공통교양,RGC0003,28,불교와인간,2,조법훈,수,1080,1180
공통교양,RGC0003,29,불교와인간,2,권순범,목,1080,1180
공통교양,RGC0003,30,불교와인간,2,박대용(동광),월,1180,1290
공통교양,RGC0003,31,불교와인간,2,명계환,수,1240,1340
공통교양,RGC0017,01,자아와명상1,1,장완순(행범),월,540,600
공통교양,RGC0017,02,자아와명상1,1,안효기(휴담),월,810,870
공통교양,RGC0017,03,자아와명상1,1,홍영길(정헌),화,540,600
공통교양,RGC0017,04,자아와명상1,1,이병진(덕림),수,540,600
공통교양,RGC0017,05,자아와명상1,1,위하나(금령),목,540,600
공통교양,RGC0017,06,자아와명상1,1,김수덕(서암),목,810,870
공통교양,RGC0017,07,자아와명상1,1,김근행(원상),금,540,600
공통교양,RGC0017,08,자아와명상1,1,장완순(행범),월,1080,1130
공통교양,RGC0017,09,자아와명상1,1,장완순(행범),월,1130,1180
공통교양,RGC0017,10,자아와명상1,1,공숙자(보희),월,960,1020
공통교양,RGC0017,16,자아와명상1,1,천윤성(윤성),화,780,840
공통교양,RGC0018,01,자아와명상2,1,이병진(덕림),월,540,600
공통교양,RGC0018,02,자아와명상2,1,하영수(진본),월,540,600
공통교양,RGC0018,03,자아와명상2,1,장완순(행범),월,600,660
공통교양,RGC0018,04,자아와명상2,1,이병진(덕림),월,600,660
공통교양,RGC0018,05,자아와명상2,1,하영수(진본),월,600,660
공통교양,RGC0018,06,자아와명상2,1,장완순(행범),월,660,720
공통교양,RGC0018,07,자아와명상2,1,이병진(덕림),월,660,720
공통교양,RGC0018,08,자아와명상2,1,하영수(진본),월,660,720
공통교양,RGC0018,09,자아와명상2,1,김창하(청목),월,810,870
공통교양,RGC0018,10,자아와명상2,1,안효기(휴담),월,870,930
공통교양,RGC0018,11,자아와명상2,1,김창하(청목),월,870,930
공통교양,RGC0018,12,자아와명상2,1,안효기(휴담),월,930,990
공통교양,RGC0018,13,자아와명상2,1,김창하(청목),월,930,990
공통교양,RGC0018,14,자아와명상2,1,안효기(휴담),화,540,600
공통교양,RGC0018,15,자아와명상2,1,조서호(법명),화,540,600
공통교양,RGC0018,16,자아와명상2,1,장완순(행범),월,900,960
공통교양,RGC0018,17,자아와명상2,1,홍영길(정헌),화,600,660
공통교양,RGC0018,18,자아와명상2,1,조서호(법명),화,600,660
공통교양,RGC0018,19,자아와명상2,1,안효기(휴담),화,600,660
공통교양,RGC0018,20,자아와명상2,1,홍영길(정헌),화,660,720
공통교양,RGC0018,21,자아와명상2,1,조서호(법명),화,660,720
공통교양,RGC0018,22,자아와명상2,1,안효기(휴담),화,660,720
공통교양,RGC0018,23,자아와명상2,1,김수덕(서암),수,540,600
공통교양,RGC0018,24,자아와명상2,1,이견명(견명),수,540,600
공통교양,RGC0018,25,자아와명상2,1,이병진(덕림),수,600,660
공통교양,RGC0018,26,자아와명상2,1,김수덕(서암),수,600,660
공통교양,RGC0018,27,자아와명상2,1,이견명(견명),수,600,660
공통교양,RGC0018,28,자아와명상2,1,김흥빈(지광),목,540,600
공통교양,RGC0018,29,자아와명상2,1,정주영(효림),목,540,600
공통교양,RGC0018,30,자아와명상2,1,위하나(금령),목,600,660
공통교양,RGC0018,31,자아와명상2,1,김흥빈(지광),목,600,660
공통교양,RGC0018,32,자아와명상2,1,정주영(효림),목,600,660
공통교양,RGC0018,33,자아와명상2,1,위하나(금령),목,660,720
공통교양,RGC0018,34,자아와명상2,1,김흥빈(지광),목,660,720
공통교양,RGC0018,35,자아와명상2,1,정주영(효림),목,660,720
공통교양,RGC0018,36,자아와명상2,1,신둘연(현봉),목,810,870
공통교양,RGC0018,37,자아와명상2,1,김수덕(서암),목,870,930
공통교양,RGC0018,38,자아와명상2,1,신둘연(현봉),목,870,930
공통교양,RGC0018,39,자아와명상2,1,김수덕(서암),목,930,990
공통교양,RGC0018,40,자아와명상2,1,신둘연(현봉),목,930,990
공통교양,RGC0018,41,자아와명상2,1,이동하(동하),금,540,600
공통교양,RGC0018,42,자아와명상2,1,이견명(견명),수,660,720
공통교양,RGC0018,43,자아와명상2,1,김근행(원상),금,600,660
공통교양,RGC0018,44,자아와명상2,1,이동하(동하),금,600,660
공통교양,RGC0018,45,자아와명상2,1,김근행(원상),금,660,720
공통교양,RGC0018,46,자아와명상2,1,이동하(동하),금,660,720
공통교양,RGC0018,47,자아와명상2,1,천윤성(윤성),화,1080,1130
공통교양,RGC0018,48,자아와명상2,1,김근행(원상),목,1080,1130
공통교양,RGC0018,49,자아와명상2,1,천윤성(윤성),화,1130,1180
공통교양,RGC0018,50,자아와명상2,1,김근행(원상),목,1130,1180
공통교양,RGC0018,51,자아와명상2,1,공숙자(보희),월,900,960
공통교양,RGC0018,52,자아와명상2,1,공숙자(보희),월,840,900
공통교양,RGC0018,53,자아와명상2,1,공숙자(보희),목,840,900
공통교양,RGC0018,54,자아와명상2,1,공숙자(보희),목,900,960
공통교양,RGC0018,55,자아와명상2,1,공숙자(보희),목,960,1020
공통교양,RGC1074,01,커리어 디자인,1,문재영,월,630,690,월,690,750
공통교양,RGC1074,02,커리어 디자인,1,문재영,월,900,960,월,960,1020
공통교양,RGC1074,03,커리어 디자인,1,문재영,월,810,870,월,870,930
공통교양,RGC1074,04,커리어 디자인,1,임윤서,화,540,600
공통교양,RGC1074,05,커리어 디자인,1,이송이,화,630,690
공통교양,RGC1074,06,커리어 디자인,1,임윤서,화,630,690
공통교양,RGC1074,07,커리어 디자인,1,임윤서,수,540,600
공통교양,RGC1074,08,커리어 디자인,1,이준일,수,540,600,수,600,660
공통교양,RGC1074,09,커리어 디자인,1,우혜인,수,540,600
공통교양,RGC1074,10,커리어 디자인,1,임윤서,수,600,660
공통교양,RGC1074,11,커리어 디자인,1,송혜령,수,540,600
공통교양,RGC1074,12,커리어 디자인,1,이준일,목,540,600
공통교양,RGC1074,13,커리어 디자인,1,박소연,목,540,600
공통교양,RGC1074,14,커리어 디자인,1,이준일,목,630,690
공통교양,RGC1074,15,커리어 디자인,1,박소연,목,630,690
공통교양,RGC1074,16,커리어 디자인,1,송혜령,금,630,690,금,690,750
공통교양,RGC1074,17,커리어 디자인,1,심태은,화,1080,1130,화,1130,1180
공통교양,RGC1074,18,커리어 디자인,1,임윤서,목,900,960
공통교양,RGC1074,19,커리어 디자인,1,강창호,화,780,840
공통교양,RGC1074,20,커리어 디자인,1,강창호,화,960,1020
공통교양,RGC1074,21,커리어 디자인,1,이송이,목,630,690,목,690,750
공통교양,RGC1074,22,커리어 디자인,1,송혜령,수,600,660
공통교양,RGC1074,23,커리어 디자인,1,김수현,금,750,810
공통교양,RGC1074,24,커리어 디자인,1,임윤서,목,810,870
공통교양,RGC1002,01,"소통,미디어,윤리",2,정수진,월,810,930
공통교양,RGC1002,02,"소통,미디어,윤리",2,정수진,월,990,1105
공통교양,RGC1002,03,"소통,미디어,윤리",2,정수진,월,1130,1230
공통교양,RGC1004,01,다문화사회의삶,2,신현탁,금,630,750
공통교양,RGC1004,02,다문화사회의삶,2,서은숙,수,720,840
공통교양,RGC1004,03,다문화사회의삶,2,남근우,수,1130,1230
공통교양,RGC1005,01,"사랑,우정,관용",2,박연희,목,540,660
공통교양,RGC1005,02,"사랑,우정,관용",2,박연희,목,810,930
공통교양,RGC1005,03,"사랑,우정,관용",2,박연희,목,930,1050
공통교양,RGC1006,01,민주주의와시장경제,2,최위정,수,540,660
공통교양,RGC1006,02,민주주의와시장경제,2,최위정,수,960,1080
공통교양,RGC1006,03,민주주의와시장경제,2,최위정,월,660,780
공통교양,RGC0005,02,기술보고서작성및발표,3,최현경,화,540,720
공통교양,RGC0005,03,기술보고서작성및발표,3,최수진,월,810,990
공통교양,RGC0005,04,기술보고서작성및발표,3,이재섭,목,810,990
공통교양,RGC0005,05,기술보고서작성및발표,3,오명원,월,900,1080
공통교양,RGC0005,06,기술보고서작성및발표,3,이지훈,화,780,960
공통교양,RGC0005,07,기술보고서작성및발표,3,전용덕,화,810,990
공통교양,RGC0005,08,기술보고서작성및발표,3,최수진,월,540,720
공통교양,RGC0005,09,기술보고서작성및발표,3,오명원,목,540,720
공통교양,RGC0005,10,기술보고서작성및발표,3,조미라,월,780,960
공통교양,RGC0005,11,기술보고서작성및발표,3,조미라,목,810,990
공통교양,RGC1060,01,자기표현글쓰기,3,김윤경,월,540,630,목,630,720
공통교양,RGC1060,02,자기표현글쓰기,3,김윤경,월,630,720,목,540,630
공통교양,RGC1060,03,자기표현글쓰기,3,남진숙,월,630,720,목,540,630
공통교양,RGC1060,04,자기표현글쓰기,3,김지오,월,810,900,목,810,900
공통교양,RGC1060,05,자기표현글쓰기,3,김지오,월,900,990,목,900,990
공통교양,RGC1060,06,자기표현글쓰기,3,이주영,화,540,630,금,630,720
공통교양,RGC1060,07,자기표현글쓰기,3,심혜경,화,630,720,금,540,630
공통교양,RGC1060,08,자기표현글쓰기,3,장상지,월,1080,1230
공통교양,RGC1060,09,자기표현글쓰기,3,전영주,화,780,960
공통교양,RGC1061,01,실용글쓰기,3,김지오,월,540,630,목,630,720
공통교양,RGC1061,02,실용글쓰기,3,김문정,월,630,720,목,540,630
공통교양,RGC1061,03,실용글쓰기,3,김지오,월,630,720,목,540,630
공통교양,RGC1061,04,실용글쓰기,3,남진숙,월,810,900,목,810,900
공통교양,RGC1061,05,실용글쓰기,3,남진숙,월,900,990,목,900,990
공통교양,RGC1061,06,실용글쓰기,3,장영섭,화,540,630,금,630,720
공통교양,RGC1061,07,실용글쓰기,3,김은석,화,630,720,금,540,630
공통교양,RGC1061,08,실용글쓰기,3,남진숙,화,1080,1230
공통교양,RGC1061,09,실용글쓰기,3,곽미라,목,840,1020
공통교양,RGC1062,01,학업기초글쓰기,3,이은정,월,540,630,목,630,720
공통교양,RGC1062,02,학업기초글쓰기,3,이유기,월,630,720,목,540,630
공통교양,RGC1062,03,학업기초글쓰기,3,이은정,월,810,900,목,810,900
공통교양,RGC1062,04,학업기초글쓰기,3,이유기,월,810,900,목,810,900
공통교양,RGC1062,05,학업기초글쓰기,3,이유기,월,900,990,목,900,990
공통교양,RGC1062,06,학업기초글쓰기,3,정지아,화,540,630,금,630,720
공통교양,RGC1062,07,학업기초글쓰기,3,이은정,월,900,990,목,900,990
공통교양,RGC1062,08,학업기초글쓰기,3,이유기,수,1080,1230
공통교양,RGC1062,09,학업기초글쓰기,3,남진숙,수,750,930
공통교양,RGC1063,01,외국인을위한대학글쓰기,3,김윤경,월,810,900,목,810,900
공통교양,RGC1063,03,외국인을위한대학글쓰기,3,김세연,월,900,990,목,900,990
공통교양,RGC1014,01,지혜와자비명작세미나,3,김미숙,월,540,630,목,630,720
공통교양,RGC1014,02,지혜와자비명작세미나,3,김은영,월,540,630,목,630,720
공통교양,RGC1014,03,지혜와자비명작세미나,3,김성옥,월,540,630,목,630,720
공통교양,RGC1014,04,지혜와자비명작세미나,3,김미숙,월,630,720,목,540,630
공통교양,RGC1014,05,지혜와자비명작세미나,3,김은영,월,630,720,목,540,630
공통교양,RGC1014,06,지혜와자비명작세미나,3,김성옥,월,630,720,목,540,630
공통교양,RGC1014,07,지혜와자비명작세미나,3,전효진,월,810,900,목,810,900
공통교양,RGC1014,08,지혜와자비명작세미나,3,오명지,월,810,900,목,810,900
공통교양,RGC1014,09,지혜와자비명작세미나,3,장미란,월,810,900,목,810,900
공통교양,RGC1014,10,지혜와자비명작세미나,3,김천학,월,900,990,목,900,990
공통교양,RGC1014,11,지혜와자비명작세미나,3,오명지,월,900,990,목,900,990
공통교양,RGC1014,12,지혜와자비명작세미나,3,장미란,월,900,990,목,900,990
공통교양,RGC1014,13,지혜와자비명작세미나,3,김호귀,화,540,630,금,630,720
공통교양,RGC1014,15,지혜와자비명작세미나,3,김호귀,화,630,720,금,540,630
공통교양,RGC1014,17,지혜와자비명작세미나,3,장미란,화,1080,1230
공통교양,RGC1014,18,지혜와자비명작세미나,3,성청환,월,1080,1230
공통교양,RGC1014,19,지혜와자비명작세미나,3,한수진,월,900,1080
공통교양,RGC1014,20,지혜와자비명작세미나,3,이범수,화,540,630,금,630,720
공통교양,RGC1014,21,지혜와자비명작세미나,3,이범수,화,630,720,금,540,630
공통교양,RGC1014,22,지혜와자비명작세미나,3,김미숙,월,900,990,목,900,990
공통교양,RGC1014,23,지혜와자비명작세미나,3,김미숙,목,1080,1230
공통교양,RGC1010,01,존재와역사명작세미나,3,손윤락,월,540,630,목,630,720
공통교양,RGC1010,02,존재와역사명작세미나,3,심인보,월,630,720,목,540,630
공통교양,RGC1010,03,존재와역사명작세미나,3,장운혁,월,540,630,목,630,720
공통교양,RGC1010,04,존재와역사명작세미나,3,손윤락,월,630,720,목,540,630
공통교양,RGC1010,05,존재와역사명작세미나,3,심인보,월,810,900,목,810,900
공통교양,RGC1010,06,존재와역사명작세미나,3,박민미,월,810,900,목,810,900
공통교양,RGC1010,07,존재와역사명작세미나,3,이원석,월,810,900,목,810,900
공통교양,RGC1010,08,존재와역사명작세미나,3,이석주,월,810,900,목,810,900
공통교양,RGC1010,09,존재와역사명작세미나,3,심인보,월,900,990,목,900,990
공통교양,RGC1010,10,존재와역사명작세미나,3,이석주,월,900,990,목,900,990
공통교양,RGC1010,11,존재와역사명작세미나,3,이원석,월,900,990,목,900,990
공통교양,RGC1010,12,존재와역사명작세미나,3,이미정,월,900,990,목,900,990
공통교양,RGC1010,13,존재와역사명작세미나,3,손윤락,화,540,630,금,630,720
공통교양,RGC1010,14,존재와역사명작세미나,3,이원석,화,540,630,금,630,720
공통교양,RGC1010,15,존재와역사명작세미나,3,황인욱,화,630,720,금,540,630
공통교양,RGC1010,17,존재와역사명작세미나,3,이석주,월,1080,1230
공통교양,RGC1010,18,존재와역사명작세미나,3,심인보,화,1180,1340
공통교양,RGC1010,19,존재와역사명작세미나,3,장운혁,금,540,720
공통교양,RGC1011,01,경제와사회명작세미나,3,김승연,월,540,630,목,630,720
공통교양,RGC1011,02,경제와사회명작세미나,3,이광근,월,540,630,목,630,720
공통교양,RGC1011,03,경제와사회명작세미나,3,김승연,월,630,720,목,540,630
공통교양,RGC1011,04,경제와사회명작세미나,3,이광근,월,630,720,목,540,630
공통교양,RGC1011,05,경제와사회명작세미나,3,김철용,월,810,900,목,810,900
공통교양,RGC1011,06,경제와사회명작세미나,3,이광근,월,810,900,목,810,900
공통교양,RGC1011,07,경제와사회명작세미나,3,이상호,월,810,900,목,810,900
공통교양,RGC1011,08,경제와사회명작세미나,3,신현탁,월,810,900,목,810,900
공통교양,RGC1011,09,경제와사회명작세미나,3,이광근,월,900,990,목,900,990
공통교양,RGC1011,10,경제와사회명작세미나,3,이상호,월,900,990,목,900,990
공통교양,RGC1011,11,경제와사회명작세미나,3,박연진,월,900,990,목,900,990
공통교양,RGC1011,12,경제와사회명작세미나,3,김승연,화,540,630,금,630,720
공통교양,RGC1011,13,경제와사회명작세미나,3,김승연,화,630,720,금,540,630
공통교양,RGC1011,14,경제와사회명작세미나,3,이상호,수,1080,1230
공통교양,RGC1011,15,경제와사회명작세미나,3,김한창,화,1180,1340
공통교양,RGC1011,16,경제와사회명작세미나,3,신현탁,화,780,960
공통교양,RGC1012,01,자연과기술명작세미나,3,유보영,월,540,630,목,630,720
공통교양,RGC1012,02,자연과기술명작세미나,3,유보영,월,630,720,목,540,630
공통교양,RGC1012,03,자연과기술명작세미나,3,손향구,월,630,720,목,540,630
공통교양,RGC1012,04,자연과기술명작세미나,3,김지연,월,810,900,목,810,900
공통교양,RGC1012,05,자연과기술명작세미나,3,손향구,월,810,900,목,810,900
공통교양,RGC1012,06,자연과기술명작세미나,3,강윤재,월,810,900,목,810,900
공통교양,RGC1012,07,자연과기술명작세미나,3,민수홍,월,810,900,목,810,900
공통교양,RGC1012,08,자연과기술명작세미나,3,김지연,월,900,990,목,900,990
공통교양,RGC1012,09,자연과기술명작세미나,3,손향구,월,900,990,목,900,990
공통교양,RGC1012,10,자연과기술명작세미나,3,강윤재,월,900,990,목,900,990
공통교양,RGC1012,11,자연과기술명작세미나,3,한광희,월,900,990,목,900,990
공통교양,RGC1012,12,자연과기술명작세미나,3,한광희,화,630,720,금,540,630
공통교양,RGC1012,13,자연과기술명작세미나,3,정연정,월,900,990,목,900,990
공통교양,RGC1012,14,자연과기술명작세미나,3,강윤재,목,1080,1230
공통교양,RGC1012,15,자연과기술명작세미나,3,손향구,화,1180,1340
공통교양,RGC1012,16,자연과기술명작세미나,3,이태희,월,540,720
공통교양,RGC1012,17,자연과기술명작세미나,3,이태희,목,780,960
공통교양,RGC1012,18,자연과기술명작세미나,3,민수홍,월,900,990,목,900,990
공통교양,RGC1012,19,자연과기술명작세미나,3,한광희,월,810,900,목,810,900
공통교양,RGC1013,01,문화와예술명작세미나,3,서희원,월,540,630,목,630,720
공통교양,RGC1013,02,문화와예술명작세미나,3,문경연,월,630,720,목,540,630
공통교양,RGC1013,03,문화와예술명작세미나,3,문경연,월,540,630,목,630,720
공통교양,RGC1013,04,문화와예술명작세미나,3,김지희,월,540,630,목,630,720
공통교양,RGC1013,05,문화와예술명작세미나,3,서희원,월,630,720,목,540,630
공통교양,RGC1013,06,문화와예술명작세미나,3,신덕용,월,810,900,목,810,900
공통교양,RGC1013,07,문화와예술명작세미나,3,정윤길,월,810,900,목,810,900
공통교양,RGC1013,08,문화와예술명작세미나,3,문경연,월,810,900,목,810,900
공통교양,RGC1013,09,문화와예술명작세미나,3,서희원,월,900,990,목,900,990
공통교양,RGC1013,10,문화와예술명작세미나,3,정윤길,월,900,990,목,900,990
공통교양,RGC1013,11,문화와예술명작세미나,3,문경연,월,900,990,목,900,990
공통교양,RGC1013,12,문화와예술명작세미나,3,신덕용,월,900,990,목,900,990
공통교양,RGC1013,13,문화와예술명작세미나,3,방찬혁,화,540,630,금,630,720
공통교양,RGC1013,14,문화와예술명작세미나,3,허병식,화,540,630,금,630,720
공통교양,RGC1013,15,문화와예술명작세미나,3,이난희,화,630,720,금,540,630
공통교양,RGC1013,16,문화와예술명작세미나,3,허병식,화,630,720,금,540,630
공통교양,RGC1013,17,문화와예술명작세미나,3,정윤길,화,1130,1290
공통교양,RGC1013,18,문화와예술명작세미나,3,정창훈,화,780,960
공통교양,RGC1013,19,문화와예술명작세미나,3,정창훈,수,540,720
공통교양,RGC1013,20,문화와예술명작세미나,3,김종갑,월,810,900,목,810,900
공통교양,RGC1050,01,소셜앙트레프레너십과리더십,2,심태은,*
공통교양,RGC1050,02,소셜앙트레프레너십과리더십,2,심태은,*
공통교양,RGC1050,03,소셜앙트레프레너십과리더십,2,성창수,*
공통교양,RGC1051,01,글로벌앙트레프레너십과리더십,2,성창수,*
공통교양,RGC1051,02,글로벌앙트레프레너십과리더십,2,심태은,*
공통교양,RGC1051,03,글로벌앙트레프레너십과리더십,2,심태은,*
공통교양,RGC1052,01,테크노앙트레프레너십과리더십,2,심태은,*
공통교양,RGC1052,02,테크노앙트레프레너십과리더십,2,성창수,*
공통교양,RGC1052,03,테크노앙트레프레너십과리더십,2,성창수,*
공통교양,RGC1075,01,아시아의사회와문화,2,최경아,월,660,780
공통교양,RGC1075,02,아시아의사회와문화,2,최경아,월,960,1080
공통교양,RGC1075,03,아시아의사회와문화,2,최지수,목,960,1080
공통교양,RGC1075,04,아시아의사회와문화,2,최지수,목,1130,1230
공통교양,RGC1075,05,아시아의사회와문화,2,배윤경,금,660,780
공통교양,RGC1075,06,아시아의사회와문화,2,배윤경,금,840,960
공통교양,RGC1076,02,아메리카의사회와문화,2,윤영도,수,840,960
공통교양,RGC1076,03,아메리카의사회와문화,2,남진희,목,540,660
공통교양,RGC1076,04,아메리카의사회와문화,2,남진희,목,660,780
공통교양,RGC1077,01,유럽의사회와문화,2,이상욱,화,660,780
공통교양,RGC1077,02,유럽의사회와문화,2,봉일원,화,840,960
공통교양,RGC1077,03,유럽의사회와문화,2,봉일원,화,960,1080
공통교양,RGC1077,04,유럽의사회와문화,2,홍웅호,수,660,780
공통교양,RGC1077,05,유럽의사회와문화,2,이상욱,수,960,1080
공통교양,RGC1078,03,아프리카의사회와문화,2,김유원,화,540,660
공통교양,RGC1030,01,BasicEAS,0,손윤희,화,720,840
공통교양,RGC1030,02,BasicEAS,0,박효진,화,960,1080
공통교양,RGC1030,03,BasicEAS,0,이난희,수,540,660
공통교양,RGC1030,04,BasicEAS,0,정승원,수,840,960
공통교양,RGC1030,05,BasicEAS,0,이난희,금,840,960
공통교양,RGC1030,06,BasicEAS,0,박에이미,월,540,660
공통교양,RGC1030,07,BasicEAS,0,김종갑,목,1130,1230
공통교양,RGC1080,01,EAS1,2,브라이언오라스,월,720,840
공통교양,RGC1080,02,EAS1,2,브라이언오라스,목,720,840
공통교양,RGC1080,03,EAS1,2,알렉스,월,600,720
공통교양,RGC1080,04,EAS1,2,찰스크로이터,월,630,750
공통교양,RGC1080,05,EAS1,2,김명숙,목,600,720
공통교양,RGC1080,07,EAS1,2,마이클오코넬,화,930,1050
공통교양,RGC1080,09,EAS1,2,마이클오코넬,월,810,930
공통교양,RGC1080,10,EAS1,2,크레이그블리스,월,870,990
공통교양,RGC1080,12,EAS1,2,게럿파월,월,1180,1290
공통교양,RGC1080,13,EAS1,2,알렉스,화,660,780
공통교양,RGC1080,14,EAS1,2,알렉스,목,600,720
공통교양,RGC1080,15,EAS1,2,지나한,화,1080,1180
공통교양,RGC1080,16,EAS1,2,제이미멜린추크,목,1080,1180
공통교양,RGC1080,17,EAS1,2,게럿파월,월,960,1080
공통교양,RGC1080,18,EAS1,2,벤윌리스,금,780,900
공통교양,RGC1080,19,EAS1,2,데이린프롤리,수,1130,1230
공통교양,RGC1080,20,EAS1,2,바트서플,목,780,900
공통교양,RGC1080,21,EAS1,2,지나한,월,780,900
공통교양,RGC1080,22,EAS1,2,브라이언오라스,월,900,1020
공통교양,RGC1080,23,EAS1,2,폴로저스,화,840,960
공통교양,RGC1080,24,EAS1,2,바트서플,화,780,900
공통교양,RGC1080,25,EAS1,2,폴로저스,수,840,960
공통교양,RGC1080,26,EAS1,2,제이미멜린추크,수,1180,1290
공통교양,RGC1080,27,EAS1,2,게럿파월,수,600,720
공통교양,RGC1080,29,EAS1,2,제이미멜린추크,금,1080,1180
공통교양,RGC1080,30,EAS1,2,마이클오코넬,월,990,1105
공통교양,RGC1080,31,EAS1,2,폴로저스,목,840,960
공통교양,RGC1080,32,EAS1,2,마이클오코넬,목,960,1080
공통교양,RGC1080,33,EAS1,2,캐서린무어,화,1180,1290
공통교양,RGC1080,34,EAS1,2,캐서린무어,화,1080,1180
공통교양,RGC1080,35,EAS1,2,게럿파월,금,600,720
공통교양,RGC1080,36,EAS1,2,마이클오코넬,수,840,960
공통교양,RGC1080,37,EAS1,2,브라이언오라스,수,960,1080
공통교양,RGC1080,38,EAS1,2,마이클오코넬,수,720,840
공통교양,RGC1080,39,EAS1,2,브라이언오라스,수,840,960
공통교양,RGC1080,40,EAS1,2,브라이언오라스,금,720,840
공통교양,RGC1080,41,EAS1,2,소컴켕,목,1180,1290
공통교양,RGC1080,42,EAS1,2,제이미멜린추크,월,1130,1230
공통교양,RGC1081,01,EAS2,2,제프벨리,목,1080,1180
공통교양,RGC1081,02,EAS2,2,키난페건,월,720,840
공통교양,RGC1081,03,EAS2,2,사무엘맥도널드,목,720,840
공통교양,RGC1081,04,EAS2,2,소컴켕,화,1240,1340
공통교양,RGC1081,05,EAS2,2,소컴켕,목,1080,1180
공통교양,RGC1081,06,EAS2,2,사무엘맥도널드,월,630,750
공통교양,RGC1081,07,EAS2,2,션커멘,목,600,720
공통교양,RGC1081,08,EAS2,2,피오나맥마틴,월,1240,1340
공통교양,RGC1081,09,EAS2,2,제이미커크,화,840,960
공통교양,RGC1081,10,EAS2,2,쟌아다마,수,1080,1180
공통교양,RGC1081,100,EAS2,2,제이미멜린추크,화,1130,1230
공통교양,RGC1081,101,EAS2,2,션커멘,수,540,660
공통교양,RGC1081,102,EAS2,2,키난페건,수,660,780
공통교양,RGC1081,103,EAS2,2,사무엘오스틴,수,780,900
공통교양,RGC1081,104,EAS2,2,키난페건,수,540,660
공통교양,RGC1081,105,EAS2,2,찰스크로이터,수,660,780
공통교양,RGC1081,106,EAS2,2,김명숙,수,780,900
공통교양,RGC1081,107,EAS2,2,제이미커크,수,900,1020
공통교양,RGC1081,108,EAS2,2,소컴켕,수,1020,1130
공통교양,RGC1081,109,EAS2,2,키난페건,월,540,660
공통교양,RGC1081,11,EAS2,2,쟌아다마,월,1240,1340
공통교양,RGC1081,110,EAS2,2,소컴켕,수,1240,1340
공통교양,RGC1081,111,EAS2,2,에이미우,월,780,900
공통교양,RGC1081,112,EAS2,2,에이미우,월,900,1020
공통교양,RGC1081,113,EAS2,2,피오나맥마틴,월,1130,1230
공통교양,RGC1081,115,EAS2,2,제이미커크,월,900,1020
공통교양,RGC1081,116,EAS2,2,션커멘,월,540,660
공통교양,RGC1081,117,EAS2,2,션커멘,월,660,780
공통교양,RGC1081,118,EAS2,2,션커멘,금,540,660
공통교양,RGC1081,12,EAS2,2,제이미커크,목,840,960
공통교양,RGC1081,121,EAS2,2,김명숙,목,900,1020
공통교양,RGC1081,122,EAS2,2,스티븐쿤스,금,1130,1230
공통교양,RGC1081,123,EAS2,2,제프리조단,목,660,780
공통교양,RGC1081,124,EAS2,2,데미안,목,780,900
공통교양,RGC1081,125,EAS2,2,바트서플,목,900,1020
공통교양,RGC1081,126,EAS2,2,크레이그블리스,월,540,660
공통교양,RGC1081,127,EAS2,2,데미안,월,840,960
공통교양,RGC1081,128,EAS2,2,데미안,월,960,1080
공통교양,RGC1081,129,EAS2,2,패트릭,월,540,660
공통교양,RGC1081,13,EAS2,2,제이미멜린추크,수,1080,1180
공통교양,RGC1081,130,EAS2,2,패트릭,월,660,780
공통교양,RGC1081,131,EAS2,2,패트릭,화,540,660
공통교양,RGC1081,132,EAS2,2,사무엘맥도널드,화,660,780
공통교양,RGC1081,133,EAS2,2,브라이언킨,화,780,900
공통교양,RGC1081,134,EAS2,2,브라이언킨,화,900,1020
공통교양,RGC1081,135,EAS2,2,데런크레인,화,1020,1130
공통교양,RGC1081,136,EAS2,2,사무엘맥도널드,수,540,660
공통교양,RGC1081,137,EAS2,2,피오나맥마틴,목,1240,1340
공통교양,RGC1081,138,EAS2,2,바트서플,수,780,900
공통교양,RGC1081,139,EAS2,2,김명숙,수,900,1020
공통교양,RGC1081,14,EAS2,2,브라이언킨,월,870,990
공통교양,RGC1081,140,EAS2,2,사무엘맥도널드,화,540,660
공통교양,RGC1081,141,EAS2,2,김명숙,화,780,900
공통교양,RGC1081,142,EAS2,2,바트서플,화,900,1020
공통교양,RGC1081,144,EAS2,2,키아란피에차카,금,660,780
공통교양,RGC1081,145,EAS2,2,에린오카모토,금,780,900
공통교양,RGC1081,146,EAS2,2,쟌아다마,금,900,1020
공통교양,RGC1081,147,EAS2,2,제프리조단,월,720,840
공통교양,RGC1081,148,EAS2,2,바트서플,월,840,960
공통교양,RGC1081,149,EAS2,2,데런크레인,월,960,1080
공통교양,RGC1081,15,EAS2,2,게럿파월,목,780,900
공통교양,RGC1081,150,EAS2,2,크레이그블리스,화,540,660
공통교양,RGC1081,151,EAS2,2,패트릭,화,660,780
공통교양,RGC1081,152,EAS2,2,찰스크로이터,화,780,900
공통교양,RGC1081,153,EAS2,2,김명숙,화,900,1020
공통교양,RGC1081,154,EAS2,2,키아란피에차카,화,1020,1130
공통교양,RGC1081,155,EAS2,2,피오나맥마틴,화,1130,1230
공통교양,RGC1081,156,EAS2,2,키아란피에차카,수,540,660
공통교양,RGC1081,157,EAS2,2,제프벨리,목,1180,1290
공통교양,RGC1081,159,EAS2,2,에린오카모토,수,1130,1230
공통교양,RGC1081,16,EAS2,2,키난페건,목,540,660
공통교양,RGC1081,160,EAS2,2,찰스크로이터,목,660,780
공통교양,RGC1081,161,EAS2,2,벤윌리스,목,1020,1130
공통교양,RGC1081,162,EAS2,2,브라이언킨,목,1130,1230
공통교양,RGC1081,163,EAS2,2,지나한,목,1130,1230
공통교양,RGC1081,17,EAS2,2,크레이그블리스,화,660,780
공통교양,RGC1081,18,EAS2,2,키난페건,화,540,660
공통교양,RGC1081,20,EAS2,2,사무엘맥도널드,목,600,720
공통교양,RGC1081,21,EAS2,2,제프벨리,화,1080,1180
공통교양,RGC1081,22,EAS2,2,캐서린무어,목,1080,1180
공통교양,RGC1081,23,EAS2,2,소컴켕,월,960,1080
공통교양,RGC1081,24,EAS2,2,바트서플,월,990,1105
공통교양,RGC1081,25,EAS2,2,제이미멜린추크,월,1240,1340
공통교양,RGC1081,26,EAS2,2,데런크레인,목,960,1080
공통교양,RGC1081,27,EAS2,2,쟌아다마,월,900,1020
공통교양,RGC1081,28,EAS2,2,쟌아다마,수,1180,1290
공통교양,RGC1081,29,EAS2,2,브라이언킨,목,780,900
공통교양,RGC1081,30,EAS2,2,에이미우,금,660,780
공통교양,RGC1081,33,EAS2,2,게럿파월,목,900,1020
공통교양,RGC1081,34,EAS2,2,정효진,목,900,1020
공통교양,RGC1081,35,EAS2,2,패트릭,수,540,660
공통교양,RGC1081,36,EAS2,2,제프벨리,화,1180,1290
공통교양,RGC1081,37,EAS2,2,캐서린무어,수,780,900
공통교양,RGC1081,38,EAS2,2,데미안,수,900,1020
공통교양,RGC1081,39,EAS2,2,제이미커크,수,1020,1130
공통교양,RGC1081,40,EAS2,2,정효진,목,720,840
공통교양,RGC1081,41,EAS2,2,사무엘오스틴,목,840,960
공통교양,RGC1081,43,EAS2,2,브라이언킨,금,660,780
공통교양,RGC1081,44,EAS2,2,제프리조단,화,540,660
공통교양,RGC1081,45,EAS2,2,제프리조단,화,660,780
공통교양,RGC1081,46,EAS2,2,지나한,화,780,900
공통교양,RGC1081,47,EAS2,2,정효진,화,900,1020
공통교양,RGC1081,48,EAS2,2,제이미커크,화,1020,1130
공통교양,RGC1081,49,EAS2,2,크레이그블리스,수,540,660
공통교양,RGC1081,50,EAS2,2,사무엘오스틴,수,960,1080
공통교양,RGC1081,51,EAS2,2,데런크레인,월,1180,1290
공통교양,RGC1081,53,EAS2,2,사무엘오스틴,금,660,780
공통교양,RGC1081,54,EAS2,2,쟌아다마,금,780,900
공통교양,RGC1081,55,EAS2,2,캐서린무어,금,780,900
공통교양,RGC1081,56,EAS2,2,에린오카모토,금,1020,1130
공통교양,RGC1081,58,EAS2,2,스티븐쿤스,월,1130,1230
공통교양,RGC1081,59,EAS2,2,에린오카모토,화,780,900
공통교양,RGC1081,60,EAS2,2,에린오카모토,화,900,1020
공통교양,RGC1081,61,EAS2,2,정효진,화,1020,1130
공통교양,RGC1081,62,EAS2,2,제프리조단,수,540,660
공통교양,RGC1081,63,EAS2,2,피오나맥마틴,수,1130,1230
공통교양,RGC1081,64,EAS2,2,에린오카모토,수,900,1020
공통교양,RGC1081,65,EAS2,2,데미안,수,1020,1130
공통교양,RGC1081,66,EAS2,2,피오나맥마틴,수,1240,1340
공통교양,RGC1081,68,EAS2,2,데런크레인,화,1180,1290
공통교양,RGC1081,69,EAS2,2,지나한,금,780,900
공통교양,RGC1081,70,EAS2,2,데런크레인,금,900,1020
공통교양,RGC1081,71,EAS2,2,스티븐쿤스,목,1240,1340
공통교양,RGC1081,72,EAS2,2,벤윌리스,월,840,960
공통교양,RGC1081,76,EAS2,2,벤윌리스,화,660,780
공통교양,RGC1081,78,EAS2,2,스티븐쿤스,화,1240,1340
공통교양,RGC1081,79,EAS2,2,게럿파월,목,1180,1290
공통교양,RGC1081,80,EAS2,2,쟌아다마,수,840,960
공통교양,RGC1081,81,EAS2,2,지나한,금,1080,1180
공통교양,RGC1081,82,EAS2,2,크레이그블리스,목,720,840
공통교양,RGC1081,83,EAS2,2,캐서린무어,목,840,960
공통교양,RGC1081,84,EAS2,2,데미안,목,960,1080
공통교양,RGC1081,85,EAS2,2,데미안,금,600,720
공통교양,RGC1081,86,EAS2,2,소컴켕,월,1180,1290
공통교양,RGC1081,87,EAS2,2,데미안,금,720,840
공통교양,RGC1081,88,EAS2,2,정효진,월,780,900
공통교양,RGC1081,90,EAS2,2,정효진,월,1020,1130
공통교양,RGC1081,91,EAS2,2,패트릭,목,540,660
공통교양,RGC1081,92,EAS2,2,쟌아다마,목,840,960
공통교양,RGC1081,93,EAS2,2,쟌아다마,목,960,1080
공통교양,RGC1081,94,EAS2,2,벤윌리스,목,900,1020
공통교양,RGC1081,95,EAS2,2,제프리조단,월,540,660
공통교양,RGC1081,96,EAS2,2,에린오카모토,월,780,900
공통교양,RGC1081,97,EAS2,2,사무엘오스틴,월,900,1020
공통교양,RGC1081,98,EAS2,2,크레이그블리스,목,600,720
공통교양,RGC1081,99,EAS2,2,지나한,목,720,840
공통교양,RGC6004,01,한국사회의이슈,3,정군기,화,540,630,금,540,630
공통교양,RGC8005,01,한국의역사와전통,3,정성인,화,540,630,금,540,630
공통교양,RGC8007,01,한중텍스트소통,3,임미주,월,540,630,목,540,630
공통교양,RGC8008,01,한국대중문화이해,3,성진수,화,630,720,금,630,720
공통교양,RGC1041,01,컴퓨팅사고,2,이명숙,월,600,720
공통교양,RGC1041,02,컴퓨팅사고,2,이명숙,화,540,660
공통교양,RGC1041,03,컴퓨팅사고,2,이명숙,수,540,660
공통교양,RGC1041,04,컴퓨팅사고,2,백순욱,목,540,660
공통교양,RGC1041,05,컴퓨팅사고,2,윤덕희,금,540,660
공통교양,RGC1041,06,컴퓨팅사고,2,이명숙,수,840,960
공통교양,RGC1041,08,컴퓨팅사고,2,김학인,월,990,1105
공통교양,RGC1042,01,프로그래밍입문,2,정대원,월,810,990
공통교양,RGC1042,02,프로그래밍입문,2,김민경,목,810,990
공통교양,RGC1042,04,프로그래밍입문,2,양문자,금,780,960
공통교양,RGC1042,05,프로그래밍입문,2,양문자,월,540,720
공통교양,RGC1043,01,자율사물입문,2,곽문규,*
공통교양,RGC1045,01,4차산업혁명과ICT융합기술,2,손인수,*
공통교양,RGC1046,01,인공지능과 미래사회,2,최성연,*
공통교양,RGC1046,02,인공지능과 미래사회,2,최성연,*
공통교양,RGC1046,03,인공지능과 미래사회,2,최성연,*
공통교양,RGC1070,01,미래인간과 위험사회,2,정윤길,수,960,1080
공통교양,RGC1070,02,미래인간과 위험사회,2,최진범,금,900,1020
공통교양,RGC1071,01,시장경제와 위험사회,2,이상호,월,990,1105
공통교양,RGC1071,02,시장경제와 위험사회,2,남철우,수,1020,1130
공통교양,RGC1072,01,과학기술과 위험사회,2,강윤재,월,1020,1130
공통교양,RGC1072,02,과학기술과 위험사회,2,강윤재,화,720,840
공통교양,RGC1073,01,미래환경과 위험사회,2,남진숙,화,840,960
공통교양,RGC1073,02,미래환경과 위험사회,2,고은선,수,1020,1130
공통교양,RGC8010,01,대학한국어Ⅰ(발표와토론),2,최은경,금,960,1080
공통교양,RGC8010,02,대학한국어Ⅰ(발표와토론),2,조영미,화,960,1080
공통교양,RGC8010,03,대학한국어Ⅰ(발표와토론),2,엄수진,수,960,1080
공통교양,RGC8011,01,대학한국어Ⅰ(독해와작문),2,최은경,수,960,1080
공통교양,RGC8011,02,대학한국어Ⅰ(독해와작문),2,엄수진,목,960,1080
공통교양,RGC8011,03,대학한국어Ⅰ(독해와작문),2,조영미,목,960,1080
공통교양,RGC8012,01,대학한국어Ⅱ(발표와토론),2,최은경,화,960,1080
공통교양,RGC8012,02,대학한국어Ⅱ(발표와토론),2,이경애,금,960,1080
공통교양,RGC8012,03,대학한국어Ⅱ(발표와토론),2,권미경,화,960,1080
공통교양,RGC8013,01,대학한국어Ⅱ(독해와작문),3,최은경,월,660,750,목,660,750
공통교양,RGC8013,02,대학한국어Ⅱ(독해와작문),3,최은경,화,840,930,목,840,930
공통교양,RGC8013,03,대학한국어Ⅱ(독해와작문),3,권미경,화,840,930,목,840,930
공통교양,RGC8014,01,한국의법과정치,2,심민석,수,540,660
공통교양,RGC8014,02,한국의법과정치,2,심민석,수,720,840
공통교양,RGC8015,01,한국의경제와경영,2,민윤지,금,540,660
공통교양,RGC8015,02,한국의경제와경영,2,민윤지,화,540,660
공통교양,RGC8016,01,수학과통계의이해,2,이영운,월,840,960
공통교양,RGC8016,02,수학과통계의이해,2,이영운,월,540,660
공통교양,RGC8017,01,과학기술의이해,2,이영운,목,540,660
공통교양,RGC8017,02,과학기술의이해,2,이영운,수,840,960
공통교양,RGC8018,01,글로벌한국문화,3,김종일,화,750,840,금,750,840
공통교양,RGC8018,02,글로벌한국문화,3,김종일,화,660,750,금,660,750
공통교양,RGC8018,03,글로벌한국문화,3,김종일,월,750,840,목,750,840
